[
  {
    "model": "admin.logentry",
    "pk": 1,
    "fields": {
      "action_time": "2025-01-14T15:32:06.372Z",
      "user": 1,
      "content_type": 7,
      "object_id": "1",
      "object_repr": "Apple",
      "action_flag": 1,
      "change_message": "[{\"added\": {}}]"
    }
  },
  {
    "model": "admin.logentry",
    "pk": 2,
    "fields": {
      "action_time": "2025-01-14T15:50:22.122Z",
      "user": 1,
      "content_type": 8,
      "object_id": "1",
      "object_repr": "Electronics",
      "action_flag": 1,
      "change_message": "[{\"added\": {}}]"
    }
  },
  {
    "model": "admin.logentry",
    "pk": 3,
    "fields": {
      "action_time": "2025-01-14T16:10:50.250Z",
      "user": 1,
      "content_type": 7,
      "object_id": "2",
      "object_repr": "samsong",
      "action_flag": 1,
      "change_message": "[{\"added\": {}}]"
    }
  },
  {
    "model": "admin.logentry",
    "pk": 4,
    "fields": {
      "action_time": "2025-01-14T16:10:57.923Z",
      "user": 1,
      "content_type": 8,
      "object_id": "2",
      "object_repr": "phone",
      "action_flag": 1,
      "change_message": "[{\"added\": {}}]"
    }
  },
  {
    "model": "admin.logentry",
    "pk": 5,
    "fields": {
      "action_time": "2025-01-15T08:31:22.032Z",
      "user": 1,
      "content_type": 8,
      "object_id": "3",
      "object_repr": "Cannon",
      "action_flag": 1,
      "change_message": "[{\"added\": {}}]"
    }
  },
  {
    "model": "admin.logentry",
    "pk": 6,
    "fields": {
      "action_time": "2025-01-15T08:31:54.617Z",
      "user": 1,
      "content_type": 8,
      "object_id": "3",
      "object_repr": "Cannon",
      "action_flag": 3,
      "change_message": ""
    }
  },
  {
    "model": "admin.logentry",
    "pk": 7,
    "fields": {
      "action_time": "2025-01-15T08:32:03.228Z",
      "user": 1,
      "content_type": 7,
      "object_id": "3",
      "object_repr": "Cannon",
      "action_flag": 1,
      "change_message": "[{\"added\": {}}]"
    }
  },
  {
    "model": "admin.logentry",
    "pk": 8,
    "fields": {
      "action_time": "2025-01-15T08:33:33.979Z",
      "user": 1,
      "content_type": 7,
      "object_id": "4",
      "object_repr": "Sony",
      "action_flag": 1,
      "change_message": "[{\"added\": {}}]"
    }
  },
  {
    "model": "admin.logentry",
    "pk": 9,
    "fields": {
      "action_time": "2025-01-15T08:45:24.895Z",
      "user": 1,
      "content_type": 7,
      "object_id": "5",
      "object_repr": "Logitech",
      "action_flag": 1,
      "change_message": "[{\"added\": {}}]"
    }
  },
  {
    "model": "admin.logentry",
    "pk": 10,
    "fields": {
      "action_time": "2025-01-15T08:45:37.649Z",
      "user": 1,
      "content_type": 7,
      "object_id": "6",
      "object_repr": "Amazon",
      "action_flag": 1,
      "change_message": "[{\"added\": {}}]"
    }
  },
  {
    "model": "admin.logentry",
    "pk": 11,
    "fields": {
      "action_time": "2025-01-15T08:49:06.201Z",
      "user": 1,
      "content_type": 7,
      "object_id": "2",
      "object_repr": "samsong",
      "action_flag": 3,
      "change_message": ""
    }
  },
  {
    "model": "admin.logentry",
    "pk": 12,
    "fields": {
      "action_time": "2025-01-15T08:49:13.569Z",
      "user": 1,
      "content_type": 8,
      "object_id": "2",
      "object_repr": "phone",
      "action_flag": 3,
      "change_message": ""
    }
  },
  {
    "model": "admin.logentry",
    "pk": 13,
    "fields": {
      "action_time": "2025-01-15T10:25:35.130Z",
      "user": 1,
      "content_type": 8,
      "object_id": "4",
      "object_repr": "Cell Phones",
      "action_flag": 1,
      "change_message": "[{\"added\": {}}]"
    }
  },
  {
    "model": "admin.logentry",
    "pk": 14,
    "fields": {
      "action_time": "2025-01-15T10:32:53.639Z",
      "user": 1,
      "content_type": 8,
      "object_id": "5",
      "object_repr": "Accessories",
      "action_flag": 1,
      "change_message": "[{\"added\": {}}]"
    }
  },
  {
    "model": "admin.logentry",
    "pk": 15,
    "fields": {
      "action_time": "2025-01-15T10:33:09.524Z",
      "user": 1,
      "content_type": 8,
      "object_id": "6",
      "object_repr": "Cameras",
      "action_flag": 1,
      "change_message": "[{\"added\": {}}]"
    }
  },
  {
    "model": "admin.logentry",
    "pk": 16,
    "fields": {
      "action_time": "2025-01-15T10:33:21.089Z",
      "user": 1,
      "content_type": 8,
      "object_id": "7",
      "object_repr": "Gaming Consoles",
      "action_flag": 1,
      "change_message": "[{\"added\": {}}]"
    }
  },
  {
    "model": "admin.logentry",
    "pk": 17,
    "fields": {
      "action_time": "2025-01-15T10:33:35.001Z",
      "user": 1,
      "content_type": 8,
      "object_id": "8",
      "object_repr": "Smart Home Devices",
      "action_flag": 1,
      "change_message": "[{\"added\": {}}]"
    }
  },
  {
    "model": "admin.logentry",
    "pk": 18,
    "fields": {
      "action_time": "2025-01-15T10:33:48.921Z",
      "user": 1,
      "content_type": 10,
      "object_id": "19",
      "object_repr": "Sample Product",
      "action_flag": 3,
      "change_message": ""
    }
  },
  {
    "model": "admin.logentry",
    "pk": 19,
    "fields": {
      "action_time": "2025-01-15T10:34:09.906Z",
      "user": 1,
      "content_type": 10,
      "object_id": "18",
      "object_repr": "Amazon Echo Dot 3rd Generation",
      "action_flag": 2,
      "change_message": "[{\"changed\": {\"fields\": [\"Category\"]}}]"
    }
  },
  {
    "model": "admin.logentry",
    "pk": 20,
    "fields": {
      "action_time": "2025-01-15T10:34:22.676Z",
      "user": 1,
      "content_type": 10,
      "object_id": "17",
      "object_repr": "Logitech G-Series Gaming Mouse",
      "action_flag": 2,
      "change_message": "[{\"changed\": {\"fields\": [\"Category\"]}}]"
    }
  },
  {
    "model": "admin.logentry",
    "pk": 21,
    "fields": {
      "action_time": "2025-01-15T10:34:37.847Z",
      "user": 1,
      "content_type": 10,
      "object_id": "16",
      "object_repr": "Sony Playstation 4 Pro White Version",
      "action_flag": 2,
      "change_message": "[{\"changed\": {\"fields\": [\"Category\"]}}]"
    }
  },
  {
    "model": "admin.logentry",
    "pk": 22,
    "fields": {
      "action_time": "2025-01-15T10:34:53.131Z",
      "user": 1,
      "content_type": 10,
      "object_id": "15",
      "object_repr": "Cannon EOS 80D DSLR Camera",
      "action_flag": 2,
      "change_message": "[{\"changed\": {\"fields\": [\"Category\"]}}]"
    }
  },
  {
    "model": "admin.logentry",
    "pk": 23,
    "fields": {
      "action_time": "2025-01-15T10:35:09.283Z",
      "user": 1,
      "content_type": 10,
      "object_id": "14",
      "object_repr": "iPhone 11 Pro 256GB Memory",
      "action_flag": 2,
      "change_message": "[{\"changed\": {\"fields\": [\"Category\"]}}]"
    }
  },
  {
    "model": "admin.logentry",
    "pk": 24,
    "fields": {
      "action_time": "2025-01-15T10:35:16.487Z",
      "user": 1,
      "content_type": 8,
      "object_id": "1",
      "object_repr": "Electronics",
      "action_flag": 3,
      "change_message": ""
    }
  },
  {
    "model": "admin.logentry",
    "pk": 25,
    "fields": {
      "action_time": "2025-01-15T10:47:21.215Z",
      "user": 1,
      "content_type": 7,
      "object_id": "7",
      "object_repr": "Fujifilm",
      "action_flag": 1,
      "change_message": "[{\"added\": {}}]"
    }
  },
  {
    "model": "admin.logentry",
    "pk": 26,
    "fields": {
      "action_time": "2025-01-16T11:29:25.200Z",
      "user": 1,
      "content_type": 8,
      "object_id": "4",
      "object_repr": "Cell Phones",
      "action_flag": 2,
      "change_message": "[{\"changed\": {\"fields\": [\"Icon class\"]}}]"
    }
  },
  {
    "model": "admin.logentry",
    "pk": 27,
    "fields": {
      "action_time": "2025-01-16T11:29:38.755Z",
      "user": 1,
      "content_type": 8,
      "object_id": "5",
      "object_repr": "Accessories",
      "action_flag": 2,
      "change_message": "[{\"changed\": {\"fields\": [\"Icon class\"]}}]"
    }
  },
  {
    "model": "admin.logentry",
    "pk": 28,
    "fields": {
      "action_time": "2025-01-16T11:29:47.636Z",
      "user": 1,
      "content_type": 8,
      "object_id": "6",
      "object_repr": "Cameras",
      "action_flag": 2,
      "change_message": "[{\"changed\": {\"fields\": [\"Icon class\"]}}]"
    }
  },
  {
    "model": "admin.logentry",
    "pk": 29,
    "fields": {
      "action_time": "2025-01-16T11:29:55.037Z",
      "user": 1,
      "content_type": 8,
      "object_id": "7",
      "object_repr": "Gaming Consoles",
      "action_flag": 2,
      "change_message": "[{\"changed\": {\"fields\": [\"Icon class\"]}}]"
    }
  },
  {
    "model": "admin.logentry",
    "pk": 30,
    "fields": {
      "action_time": "2025-01-16T11:30:02.316Z",
      "user": 1,
      "content_type": 8,
      "object_id": "8",
      "object_repr": "Smart Home Devices",
      "action_flag": 2,
      "change_message": "[{\"changed\": {\"fields\": [\"Icon class\"]}}]"
    }
  },
  {
    "model": "admin.logentry",
    "pk": 31,
    "fields": {
      "action_time": "2025-01-16T11:34:34.301Z",
      "user": 1,
      "content_type": 8,
      "object_id": "8",
      "object_repr": "Smart Home Devices",
      "action_flag": 2,
      "change_message": "[{\"changed\": {\"fields\": [\"Icon class\"]}}]"
    }
  },
  {
    "model": "admin.logentry",
    "pk": 32,
    "fields": {
      "action_time": "2025-01-16T11:36:47.397Z",
      "user": 1,
      "content_type": 8,
      "object_id": "8",
      "object_repr": "Smart Home Devices",
      "action_flag": 2,
      "change_message": "[{\"changed\": {\"fields\": [\"Icon class\"]}}]"
    }
  },
  {
    "model": "admin.logentry",
    "pk": 33,
    "fields": {
      "action_time": "2025-01-16T11:37:13.256Z",
      "user": 1,
      "content_type": 8,
      "object_id": "8",
      "object_repr": "Smart Home Devices",
      "action_flag": 2,
      "change_message": "[]"
    }
  },
  {
    "model": "admin.logentry",
    "pk": 34,
    "fields": {
      "action_time": "2025-01-16T11:37:25.613Z",
      "user": 1,
      "content_type": 8,
      "object_id": "7",
      "object_repr": "Gaming Consoles",
      "action_flag": 2,
      "change_message": "[{\"changed\": {\"fields\": [\"Icon class\"]}}]"
    }
  },
  {
    "model": "admin.logentry",
    "pk": 35,
    "fields": {
      "action_time": "2025-01-16T11:37:35.997Z",
      "user": 1,
      "content_type": 8,
      "object_id": "6",
      "object_repr": "Cameras",
      "action_flag": 2,
      "change_message": "[{\"changed\": {\"fields\": [\"Icon class\"]}}]"
    }
  },
  {
    "model": "admin.logentry",
    "pk": 36,
    "fields": {
      "action_time": "2025-01-16T11:37:38.881Z",
      "user": 1,
      "content_type": 8,
      "object_id": "6",
      "object_repr": "Cameras",
      "action_flag": 2,
      "change_message": "[]"
    }
  },
  {
    "model": "admin.logentry",
    "pk": 37,
    "fields": {
      "action_time": "2025-01-16T11:37:42.444Z",
      "user": 1,
      "content_type": 8,
      "object_id": "8",
      "object_repr": "Smart Home Devices",
      "action_flag": 2,
      "change_message": "[]"
    }
  },
  {
    "model": "admin.logentry",
    "pk": 38,
    "fields": {
      "action_time": "2025-01-16T11:37:47.288Z",
      "user": 1,
      "content_type": 8,
      "object_id": "7",
      "object_repr": "Gaming Consoles",
      "action_flag": 2,
      "change_message": "[{\"changed\": {\"fields\": [\"Icon class\"]}}]"
    }
  },
  {
    "model": "admin.logentry",
    "pk": 39,
    "fields": {
      "action_time": "2025-01-16T11:37:49.888Z",
      "user": 1,
      "content_type": 8,
      "object_id": "6",
      "object_repr": "Cameras",
      "action_flag": 2,
      "change_message": "[]"
    }
  },
  {
    "model": "admin.logentry",
    "pk": 40,
    "fields": {
      "action_time": "2025-01-16T11:37:59.725Z",
      "user": 1,
      "content_type": 8,
      "object_id": "5",
      "object_repr": "Accessories",
      "action_flag": 2,
      "change_message": "[{\"changed\": {\"fields\": [\"Icon class\"]}}]"
    }
  },
  {
    "model": "admin.logentry",
    "pk": 41,
    "fields": {
      "action_time": "2025-01-16T11:38:08.363Z",
      "user": 1,
      "content_type": 8,
      "object_id": "4",
      "object_repr": "Cell Phones",
      "action_flag": 2,
      "change_message": "[{\"changed\": {\"fields\": [\"Icon class\"]}}]"
    }
  },
  {
    "model": "admin.logentry",
    "pk": 42,
    "fields": {
      "action_time": "2025-01-16T11:39:32.339Z",
      "user": 1,
      "content_type": 7,
      "object_id": "7",
      "object_repr": "Fujifilm",
      "action_flag": 2,
      "change_message": "[{\"changed\": {\"fields\": [\"Icon class\"]}}]"
    }
  },
  {
    "model": "admin.logentry",
    "pk": 43,
    "fields": {
      "action_time": "2025-01-16T11:39:41.869Z",
      "user": 1,
      "content_type": 7,
      "object_id": "6",
      "object_repr": "Amazon",
      "action_flag": 2,
      "change_message": "[{\"changed\": {\"fields\": [\"Icon class\"]}}]"
    }
  },
  {
    "model": "admin.logentry",
    "pk": 44,
    "fields": {
      "action_time": "2025-01-16T11:39:52.713Z",
      "user": 1,
      "content_type": 7,
      "object_id": "5",
      "object_repr": "Logitech",
      "action_flag": 2,
      "change_message": "[{\"changed\": {\"fields\": [\"Icon class\"]}}]"
    }
  },
  {
    "model": "admin.logentry",
    "pk": 45,
    "fields": {
      "action_time": "2025-01-16T11:40:03.292Z",
      "user": 1,
      "content_type": 7,
      "object_id": "4",
      "object_repr": "Sony",
      "action_flag": 2,
      "change_message": "[{\"changed\": {\"fields\": [\"Icon class\"]}}]"
    }
  },
  {
    "model": "admin.logentry",
    "pk": 46,
    "fields": {
      "action_time": "2025-01-16T11:40:12.357Z",
      "user": 1,
      "content_type": 7,
      "object_id": "3",
      "object_repr": "Cannon",
      "action_flag": 2,
      "change_message": "[{\"changed\": {\"fields\": [\"Icon class\"]}}]"
    }
  },
  {
    "model": "admin.logentry",
    "pk": 47,
    "fields": {
      "action_time": "2025-01-16T11:40:21.565Z",
      "user": 1,
      "content_type": 7,
      "object_id": "1",
      "object_repr": "Apple",
      "action_flag": 2,
      "change_message": "[{\"changed\": {\"fields\": [\"Icon class\"]}}]"
    }
  },
  {
    "model": "admin.logentry",
    "pk": 48,
    "fields": {
      "action_time": "2025-01-16T12:44:50.441Z",
      "user": 1,
      "content_type": 8,
      "object_id": "9",
      "object_repr": "Earbuds",
      "action_flag": 1,
      "change_message": "[{\"added\": {}}]"
    }
  },
  {
    "model": "admin.logentry",
    "pk": 49,
    "fields": {
      "action_time": "2025-01-16T12:45:00.155Z",
      "user": 1,
      "content_type": 8,
      "object_id": "10",
      "object_repr": "Headphones",
      "action_flag": 1,
      "change_message": "[{\"added\": {}}]"
    }
  },
  {
    "model": "admin.logentry",
    "pk": 50,
    "fields": {
      "action_time": "2025-01-16T12:48:51.974Z",
      "user": 1,
      "content_type": 10,
      "object_id": "22",
      "object_repr": "AirPods Max Midnight",
      "action_flag": 1,
      "change_message": "[{\"added\": {}}]"
    }
  },
  {
    "model": "admin.logentry",
    "pk": 51,
    "fields": {
      "action_time": "2025-01-16T12:49:47.811Z",
      "user": 1,
      "content_type": 10,
      "object_id": "23",
      "object_repr": "AirPods Pro 2",
      "action_flag": 1,
      "change_message": "[{\"added\": {}}]"
    }
  },
  {
    "model": "admin.logentry",
    "pk": 52,
    "fields": {
      "action_time": "2025-01-16T12:50:27.445Z",
      "user": 1,
      "content_type": 10,
      "object_id": "24",
      "object_repr": "Apple Pencil Pro",
      "action_flag": 1,
      "change_message": "[{\"added\": {}}]"
    }
  },
  {
    "model": "admin.logentry",
    "pk": 53,
    "fields": {
      "action_time": "2025-01-16T12:50:48.710Z",
      "user": 1,
      "content_type": 8,
      "object_id": "10",
      "object_repr": "Headphones",
      "action_flag": 2,
      "change_message": "[{\"changed\": {\"fields\": [\"Icon class\"]}}]"
    }
  },
  {
    "model": "admin.logentry",
    "pk": 54,
    "fields": {
      "action_time": "2025-01-16T12:51:01.500Z",
      "user": 1,
      "content_type": 8,
      "object_id": "9",
      "object_repr": "Earbuds",
      "action_flag": 2,
      "change_message": "[{\"changed\": {\"fields\": [\"Icon class\"]}}]"
    }
  },
  {
    "model": "admin.logentry",
    "pk": 55,
    "fields": {
      "action_time": "2025-01-16T12:52:23.239Z",
      "user": 1,
      "content_type": 8,
      "object_id": "5",
      "object_repr": "Accessories",
      "action_flag": 2,
      "change_message": "[{\"changed\": {\"fields\": [\"Icon class\"]}}]"
    }
  },
  {
    "model": "admin.logentry",
    "pk": 56,
    "fields": {
      "action_time": "2025-01-16T12:54:20.373Z",
      "user": 1,
      "content_type": 10,
      "object_id": "24",
      "object_repr": "Apple Pencil Pro",
      "action_flag": 2,
      "change_message": "[{\"changed\": {\"fields\": [\"Image\"]}}]"
    }
  },
  {
    "model": "admin.logentry",
    "pk": 57,
    "fields": {
      "action_time": "2025-01-16T12:54:39.770Z",
      "user": 1,
      "content_type": 10,
      "object_id": "23",
      "object_repr": "AirPods Pro 2",
      "action_flag": 2,
      "change_message": "[{\"changed\": {\"fields\": [\"Image\"]}}]"
    }
  },
  {
    "model": "admin.logentry",
    "pk": 58,
    "fields": {
      "action_time": "2025-01-16T12:54:47.188Z",
      "user": 1,
      "content_type": 10,
      "object_id": "22",
      "object_repr": "AirPods Max Midnight",
      "action_flag": 2,
      "change_message": "[{\"changed\": {\"fields\": [\"Image\"]}}]"
    }
  },
  {
    "model": "admin.logentry",
    "pk": 59,
    "fields": {
      "action_time": "2025-01-16T12:55:29.180Z",
      "user": 1,
      "content_type": 10,
      "object_id": "24",
      "object_repr": "Apple Pencil Pro",
      "action_flag": 2,
      "change_message": "[]"
    }
  },
  {
    "model": "admin.logentry",
    "pk": 60,
    "fields": {
      "action_time": "2025-01-16T12:55:46.926Z",
      "user": 1,
      "content_type": 10,
      "object_id": "24",
      "object_repr": "Apple Pencil Pro",
      "action_flag": 2,
      "change_message": "[{\"changed\": {\"fields\": [\"Price\"]}}]"
    }
  },
  {
    "model": "admin.logentry",
    "pk": 61,
    "fields": {
      "action_time": "2025-01-16T12:56:11.598Z",
      "user": 1,
      "content_type": 10,
      "object_id": "23",
      "object_repr": "AirPods Pro 2",
      "action_flag": 2,
      "change_message": "[{\"changed\": {\"fields\": [\"Price\"]}}]"
    }
  },
  {
    "model": "admin.logentry",
    "pk": 62,
    "fields": {
      "action_time": "2025-01-16T12:56:29.493Z",
      "user": 1,
      "content_type": 10,
      "object_id": "22",
      "object_repr": "AirPods Max Midnight",
      "action_flag": 2,
      "change_message": "[{\"changed\": {\"fields\": [\"Price\"]}}]"
    }
  },
  {
    "model": "admin.logentry",
    "pk": 63,
    "fields": {
      "action_time": "2025-01-16T12:58:32.638Z",
      "user": 1,
      "content_type": 10,
      "object_id": "23",
      "object_repr": "AirPods Pro 2",
      "action_flag": 2,
      "change_message": "[{\"changed\": {\"fields\": [\"Brand\"]}}]"
    }
  },
  {
    "model": "admin.logentry",
    "pk": 64,
    "fields": {
      "action_time": "2025-01-16T13:06:23.468Z",
      "user": 1,
      "content_type": 7,
      "object_id": "8",
      "object_repr": "SteelSeries",
      "action_flag": 1,
      "change_message": "[{\"added\": {}}]"
    }
  },
  {
    "model": "admin.logentry",
    "pk": 65,
    "fields": {
      "action_time": "2025-01-16T13:07:26.207Z",
      "user": 1,
      "content_type": 10,
      "object_id": "25",
      "object_repr": "Sony PlayStation« DualSenseÖ Wireless Controller",
      "action_flag": 1,
      "change_message": "[{\"added\": {}}]"
    }
  },
  {
    "model": "admin.logentry",
    "pk": 66,
    "fields": {
      "action_time": "2025-01-16T13:08:54.879Z",
      "user": 1,
      "content_type": 10,
      "object_id": "26",
      "object_repr": "SteelSeries Nimbus+ Wireless Gaming Controller",
      "action_flag": 1,
      "change_message": "[{\"added\": {}}]"
    }
  },
  {
    "model": "admin.logentry",
    "pk": 67,
    "fields": {
      "action_time": "2025-01-16T13:09:03.582Z",
      "user": 1,
      "content_type": 10,
      "object_id": "25",
      "object_repr": "Sony PlayStation« DualSenseÖ Wireless Controller",
      "action_flag": 2,
      "change_message": "[{\"changed\": {\"fields\": [\"Image\"]}}]"
    }
  },
  {
    "model": "admin.logentry",
    "pk": 68,
    "fields": {
      "action_time": "2025-01-16T13:11:06.899Z",
      "user": 1,
      "content_type": 10,
      "object_id": "26",
      "object_repr": "SteelSeries Nimbus+ Wireless Gaming Controller",
      "action_flag": 2,
      "change_message": "[{\"changed\": {\"fields\": [\"Price\"]}}]"
    }
  },
  {
    "model": "admin.logentry",
    "pk": 69,
    "fields": {
      "action_time": "2025-01-16T13:14:37.210Z",
      "user": 1,
      "content_type": 7,
      "object_id": "9",
      "object_repr": "CRKD",
      "action_flag": 1,
      "change_message": "[{\"added\": {}}]"
    }
  },
  {
    "model": "admin.logentry",
    "pk": 70,
    "fields": {
      "action_time": "2025-01-16T13:15:32.250Z",
      "user": 1,
      "content_type": 10,
      "object_id": "27",
      "object_repr": "CRKD NEO S Controller with Charging Dock - Frost",
      "action_flag": 1,
      "change_message": "[{\"added\": {}}]"
    }
  },
  {
    "model": "admin.logentry",
    "pk": 71,
    "fields": {
      "action_time": "2025-01-16T17:34:06.424Z",
      "user": 1,
      "content_type": 10,
      "object_id": "27",
      "object_repr": "CRKD NEO S Controller with Charging Dock - Frost",
      "action_flag": 2,
      "change_message": "[{\"changed\": {\"fields\": [\"DiscountPercentage\"]}}]"
    }
  },
  {
    "model": "admin.logentry",
    "pk": 72,
    "fields": {
      "action_time": "2025-01-16T17:34:13.457Z",
      "user": 1,
      "content_type": 10,
      "object_id": "24",
      "object_repr": "Apple Pencil Pro",
      "action_flag": 2,
      "change_message": "[{\"changed\": {\"fields\": [\"DiscountPercentage\"]}}]"
    }
  },
  {
    "model": "admin.logentry",
    "pk": 73,
    "fields": {
      "action_time": "2025-01-16T17:34:19.817Z",
      "user": 1,
      "content_type": 10,
      "object_id": "16",
      "object_repr": "Sony Playstation 4 Pro White Version",
      "action_flag": 2,
      "change_message": "[{\"changed\": {\"fields\": [\"DiscountPercentage\"]}}]"
    }
  },
  {
    "model": "admin.logentry",
    "pk": 74,
    "fields": {
      "action_time": "2025-01-22T13:10:32.605Z",
      "user": 1,
      "content_type": 10,
      "object_id": "27",
      "object_repr": "CRKD NEO S Controller with Charging Dock - Frost",
      "action_flag": 2,
      "change_message": "[{\"changed\": {\"fields\": [\"CountInStock\"]}}]"
    }
  },
  {
    "model": "admin.logentry",
    "pk": 75,
    "fields": {
      "action_time": "2025-01-22T13:10:41.170Z",
      "user": 1,
      "content_type": 10,
      "object_id": "26",
      "object_repr": "SteelSeries Nimbus+ Wireless Gaming Controller",
      "action_flag": 2,
      "change_message": "[{\"changed\": {\"fields\": [\"CountInStock\"]}}]"
    }
  },
  {
    "model": "admin.logentry",
    "pk": 76,
    "fields": {
      "action_time": "2025-01-22T13:10:47.000Z",
      "user": 1,
      "content_type": 10,
      "object_id": "25",
      "object_repr": "Sony PlayStation« DualSenseÖ Wireless Controller",
      "action_flag": 2,
      "change_message": "[{\"changed\": {\"fields\": [\"CountInStock\"]}}]"
    }
  },
  {
    "model": "admin.logentry",
    "pk": 77,
    "fields": {
      "action_time": "2025-01-22T13:10:52.349Z",
      "user": 1,
      "content_type": 10,
      "object_id": "24",
      "object_repr": "Apple Pencil Pro",
      "action_flag": 2,
      "change_message": "[{\"changed\": {\"fields\": [\"CountInStock\"]}}]"
    }
  },
  {
    "model": "admin.logentry",
    "pk": 78,
    "fields": {
      "action_time": "2025-01-22T13:11:04.985Z",
      "user": 1,
      "content_type": 10,
      "object_id": "23",
      "object_repr": "AirPods Pro 2",
      "action_flag": 2,
      "change_message": "[{\"changed\": {\"fields\": [\"DiscountPercentage\", \"CountInStock\"]}}]"
    }
  },
  {
    "model": "admin.logentry",
    "pk": 79,
    "fields": {
      "action_time": "2025-01-22T13:11:18.347Z",
      "user": 1,
      "content_type": 10,
      "object_id": "21",
      "object_repr": "The Fujifilm Instax Mini 12 Camera - Blossom Pink",
      "action_flag": 2,
      "change_message": "[{\"changed\": {\"fields\": [\"DiscountPercentage\", \"CountInStock\"]}}]"
    }
  },
  {
    "model": "admin.logentry",
    "pk": 80,
    "fields": {
      "action_time": "2025-01-22T13:11:25.126Z",
      "user": 1,
      "content_type": 10,
      "object_id": "18",
      "object_repr": "Amazon Echo Dot 3rd Generation",
      "action_flag": 2,
      "change_message": "[{\"changed\": {\"fields\": [\"CountInStock\"]}}]"
    }
  },
  {
    "model": "admin.logentry",
    "pk": 81,
    "fields": {
      "action_time": "2025-01-22T13:11:29.000Z",
      "user": 1,
      "content_type": 10,
      "object_id": "16",
      "object_repr": "Sony Playstation 4 Pro White Version",
      "action_flag": 2,
      "change_message": "[]"
    }
  },
  {
    "model": "admin.logentry",
    "pk": 82,
    "fields": {
      "action_time": "2025-01-22T13:11:34.857Z",
      "user": 1,
      "content_type": 10,
      "object_id": "14",
      "object_repr": "iPhone 11 Pro 256GB Memory",
      "action_flag": 2,
      "change_message": "[{\"changed\": {\"fields\": [\"CountInStock\"]}}]"
    }
  },
  {
    "model": "admin.logentry",
    "pk": 83,
    "fields": {
      "action_time": "2025-01-22T13:11:39.561Z",
      "user": 1,
      "content_type": 10,
      "object_id": "13",
      "object_repr": "Airpods Wireless Bluetooth Headphones",
      "action_flag": 2,
      "change_message": "[{\"changed\": {\"fields\": [\"CountInStock\"]}}]"
    }
  },
  {
    "model": "admin.logentry",
    "pk": 84,
    "fields": {
      "action_time": "2025-01-22T16:49:12.888Z",
      "user": 1,
      "content_type": 4,
      "object_id": "5",
      "object_repr": "akterraina013@gmail.com",
      "action_flag": 3,
      "change_message": ""
    }
  },
  {
    "model": "admin.logentry",
    "pk": 85,
    "fields": {
      "action_time": "2025-01-22T16:49:12.889Z",
      "user": 1,
      "content_type": 4,
      "object_id": "4",
      "object_repr": "khadizarahman813@gmail.com",
      "action_flag": 3,
      "change_message": ""
    }
  },
  {
    "model": "admin.logentry",
    "pk": 86,
    "fields": {
      "action_time": "2025-01-22T16:49:12.889Z",
      "user": 1,
      "content_type": 4,
      "object_id": "3",
      "object_repr": "merinamou3@gmail.com",
      "action_flag": 3,
      "change_message": ""
    }
  },
  {
    "model": "admin.logentry",
    "pk": 87,
    "fields": {
      "action_time": "2025-01-22T16:53:10.953Z",
      "user": 1,
      "content_type": 4,
      "object_id": "6",
      "object_repr": "khadizarahman813@gmail.com",
      "action_flag": 3,
      "change_message": ""
    }
  },
  {
    "model": "admin.logentry",
    "pk": 88,
    "fields": {
      "action_time": "2025-01-22T16:57:38.623Z",
      "user": 1,
      "content_type": 4,
      "object_id": "7",
      "object_repr": "khadizarahman813@gmail.com",
      "action_flag": 3,
      "change_message": ""
    }
  },
  {
    "model": "admin.logentry",
    "pk": 89,
    "fields": {
      "action_time": "2025-01-22T17:02:26.029Z",
      "user": 1,
      "content_type": 4,
      "object_id": "8",
      "object_repr": "khadizarahman813@gmail.com",
      "action_flag": 3,
      "change_message": ""
    }
  },
  {
    "model": "admin.logentry",
    "pk": 90,
    "fields": {
      "action_time": "2025-01-22T17:10:33.734Z",
      "user": 1,
      "content_type": 4,
      "object_id": "9",
      "object_repr": "khadizarahman813@gmail.com",
      "action_flag": 3,
      "change_message": ""
    }
  },
  {
    "model": "admin.logentry",
    "pk": 91,
    "fields": {
      "action_time": "2025-01-22T17:39:24.166Z",
      "user": 1,
      "content_type": 4,
      "object_id": "10",
      "object_repr": "khadizarahman813@gmail.com",
      "action_flag": 3,
      "change_message": ""
    }
  },
  {
    "model": "admin.logentry",
    "pk": 92,
    "fields": {
      "action_time": "2025-01-22T17:58:30.479Z",
      "user": 1,
      "content_type": 4,
      "object_id": "12",
      "object_repr": "khadizarahman813@gmail.com",
      "action_flag": 3,
      "change_message": ""
    }
  },
  {
    "model": "admin.logentry",
    "pk": 93,
    "fields": {
      "action_time": "2025-01-22T17:58:30.479Z",
      "user": 1,
      "content_type": 4,
      "object_id": "11",
      "object_repr": "merinamou3@gmail.com",
      "action_flag": 3,
      "change_message": ""
    }
  },
  {
    "model": "admin.logentry",
    "pk": 94,
    "fields": {
      "action_time": "2025-01-22T18:03:10.548Z",
      "user": 1,
      "content_type": 4,
      "object_id": "13",
      "object_repr": "merinamou3@gmail.com",
      "action_flag": 3,
      "change_message": ""
    }
  },
  {
    "model": "admin.logentry",
    "pk": 95,
    "fields": {
      "action_time": "2025-01-23T14:06:22.126Z",
      "user": 1,
      "content_type": 4,
      "object_id": "14",
      "object_repr": "khadizarahman813@gmail.com",
      "action_flag": 3,
      "change_message": ""
    }
  },
  {
    "model": "admin.logentry",
    "pk": 96,
    "fields": {
      "action_time": "2025-01-23T14:06:22.126Z",
      "user": 1,
      "content_type": 4,
      "object_id": "15",
      "object_repr": "merinamou3@gmail.com",
      "action_flag": 3,
      "change_message": ""
    }
  },
  {
    "model": "admin.logentry",
    "pk": 97,
    "fields": {
      "action_time": "2025-01-23T14:23:21.577Z",
      "user": 1,
      "content_type": 4,
      "object_id": "16",
      "object_repr": "merinamou3@gmail.com",
      "action_flag": 3,
      "change_message": ""
    }
  },
  {
    "model": "admin.logentry",
    "pk": 98,
    "fields": {
      "action_time": "2025-01-23T14:51:26.554Z",
      "user": 1,
      "content_type": 4,
      "object_id": "17",
      "object_repr": "merinamou3@gmail.com",
      "action_flag": 3,
      "change_message": ""
    }
  },
  {
    "model": "admin.logentry",
    "pk": 99,
    "fields": {
      "action_time": "2025-01-23T15:15:33.481Z",
      "user": 1,
      "content_type": 4,
      "object_id": "18",
      "object_repr": "merinamou3@gmail.com",
      "action_flag": 3,
      "change_message": ""
    }
  },
  {
    "model": "admin.logentry",
    "pk": 100,
    "fields": {
      "action_time": "2025-01-24T20:03:28.479Z",
      "user": 1,
      "content_type": 4,
      "object_id": "20",
      "object_repr": "khadizarahman813@gmail.com",
      "action_flag": 3,
      "change_message": ""
    }
  },
  {
    "model": "admin.logentry",
    "pk": 101,
    "fields": {
      "action_time": "2025-01-24T20:15:27.799Z",
      "user": 1,
      "content_type": 4,
      "object_id": "19",
      "object_repr": "merinamou3@gmail.com",
      "action_flag": 3,
      "change_message": ""
    }
  },
  {
    "model": "admin.logentry",
    "pk": 102,
    "fields": {
      "action_time": "2025-01-24T20:20:54.949Z",
      "user": 1,
      "content_type": 4,
      "object_id": "21",
      "object_repr": "khadizarahman813@gmail.com",
      "action_flag": 3,
      "change_message": ""
    }
  },
  {
    "model": "admin.logentry",
    "pk": 103,
    "fields": {
      "action_time": "2025-01-24T20:26:14.049Z",
      "user": 1,
      "content_type": 4,
      "object_id": "22",
      "object_repr": "khadizarahman813@gmail.com",
      "action_flag": 3,
      "change_message": ""
    }
  },
  {
    "model": "auth.permission",
    "pk": 1,
    "fields": {
      "name": "Can add log entry",
      "content_type": 1,
      "codename": "add_logentry"
    }
  },
  {
    "model": "auth.permission",
    "pk": 2,
    "fields": {
      "name": "Can change log entry",
      "content_type": 1,
      "codename": "change_logentry"
    }
  },
  {
    "model": "auth.permission",
    "pk": 3,
    "fields": {
      "name": "Can delete log entry",
      "content_type": 1,
      "codename": "delete_logentry"
    }
  },
  {
    "model": "auth.permission",
    "pk": 4,
    "fields": {
      "name": "Can view log entry",
      "content_type": 1,
      "codename": "view_logentry"
    }
  },
  {
    "model": "auth.permission",
    "pk": 5,
    "fields": {
      "name": "Can add permission",
      "content_type": 2,
      "codename": "add_permission"
    }
  },
  {
    "model": "auth.permission",
    "pk": 6,
    "fields": {
      "name": "Can change permission",
      "content_type": 2,
      "codename": "change_permission"
    }
  },
  {
    "model": "auth.permission",
    "pk": 7,
    "fields": {
      "name": "Can delete permission",
      "content_type": 2,
      "codename": "delete_permission"
    }
  },
  {
    "model": "auth.permission",
    "pk": 8,
    "fields": {
      "name": "Can view permission",
      "content_type": 2,
      "codename": "view_permission"
    }
  },
  {
    "model": "auth.permission",
    "pk": 9,
    "fields": {
      "name": "Can add group",
      "content_type": 3,
      "codename": "add_group"
    }
  },
  {
    "model": "auth.permission",
    "pk": 10,
    "fields": {
      "name": "Can change group",
      "content_type": 3,
      "codename": "change_group"
    }
  },
  {
    "model": "auth.permission",
    "pk": 11,
    "fields": {
      "name": "Can delete group",
      "content_type": 3,
      "codename": "delete_group"
    }
  },
  {
    "model": "auth.permission",
    "pk": 12,
    "fields": {
      "name": "Can view group",
      "content_type": 3,
      "codename": "view_group"
    }
  },
  {
    "model": "auth.permission",
    "pk": 13,
    "fields": {
      "name": "Can add user",
      "content_type": 4,
      "codename": "add_user"
    }
  },
  {
    "model": "auth.permission",
    "pk": 14,
    "fields": {
      "name": "Can change user",
      "content_type": 4,
      "codename": "change_user"
    }
  },
  {
    "model": "auth.permission",
    "pk": 15,
    "fields": {
      "name": "Can delete user",
      "content_type": 4,
      "codename": "delete_user"
    }
  },
  {
    "model": "auth.permission",
    "pk": 16,
    "fields": {
      "name": "Can view user",
      "content_type": 4,
      "codename": "view_user"
    }
  },
  {
    "model": "auth.permission",
    "pk": 17,
    "fields": {
      "name": "Can add content type",
      "content_type": 5,
      "codename": "add_contenttype"
    }
  },
  {
    "model": "auth.permission",
    "pk": 18,
    "fields": {
      "name": "Can change content type",
      "content_type": 5,
      "codename": "change_contenttype"
    }
  },
  {
    "model": "auth.permission",
    "pk": 19,
    "fields": {
      "name": "Can delete content type",
      "content_type": 5,
      "codename": "delete_contenttype"
    }
  },
  {
    "model": "auth.permission",
    "pk": 20,
    "fields": {
      "name": "Can view content type",
      "content_type": 5,
      "codename": "view_contenttype"
    }
  },
  {
    "model": "auth.permission",
    "pk": 21,
    "fields": {
      "name": "Can add session",
      "content_type": 6,
      "codename": "add_session"
    }
  },
  {
    "model": "auth.permission",
    "pk": 22,
    "fields": {
      "name": "Can change session",
      "content_type": 6,
      "codename": "change_session"
    }
  },
  {
    "model": "auth.permission",
    "pk": 23,
    "fields": {
      "name": "Can delete session",
      "content_type": 6,
      "codename": "delete_session"
    }
  },
  {
    "model": "auth.permission",
    "pk": 24,
    "fields": {
      "name": "Can view session",
      "content_type": 6,
      "codename": "view_session"
    }
  },
  {
    "model": "auth.permission",
    "pk": 25,
    "fields": {
      "name": "Can add brand",
      "content_type": 7,
      "codename": "add_brand"
    }
  },
  {
    "model": "auth.permission",
    "pk": 26,
    "fields": {
      "name": "Can change brand",
      "content_type": 7,
      "codename": "change_brand"
    }
  },
  {
    "model": "auth.permission",
    "pk": 27,
    "fields": {
      "name": "Can delete brand",
      "content_type": 7,
      "codename": "delete_brand"
    }
  },
  {
    "model": "auth.permission",
    "pk": 28,
    "fields": {
      "name": "Can view brand",
      "content_type": 7,
      "codename": "view_brand"
    }
  },
  {
    "model": "auth.permission",
    "pk": 29,
    "fields": {
      "name": "Can add category",
      "content_type": 8,
      "codename": "add_category"
    }
  },
  {
    "model": "auth.permission",
    "pk": 30,
    "fields": {
      "name": "Can change category",
      "content_type": 8,
      "codename": "change_category"
    }
  },
  {
    "model": "auth.permission",
    "pk": 31,
    "fields": {
      "name": "Can delete category",
      "content_type": 8,
      "codename": "delete_category"
    }
  },
  {
    "model": "auth.permission",
    "pk": 32,
    "fields": {
      "name": "Can view category",
      "content_type": 8,
      "codename": "view_category"
    }
  },
  {
    "model": "auth.permission",
    "pk": 33,
    "fields": {
      "name": "Can add order",
      "content_type": 9,
      "codename": "add_order"
    }
  },
  {
    "model": "auth.permission",
    "pk": 34,
    "fields": {
      "name": "Can change order",
      "content_type": 9,
      "codename": "change_order"
    }
  },
  {
    "model": "auth.permission",
    "pk": 35,
    "fields": {
      "name": "Can delete order",
      "content_type": 9,
      "codename": "delete_order"
    }
  },
  {
    "model": "auth.permission",
    "pk": 36,
    "fields": {
      "name": "Can view order",
      "content_type": 9,
      "codename": "view_order"
    }
  },
  {
    "model": "auth.permission",
    "pk": 37,
    "fields": {
      "name": "Can add product",
      "content_type": 10,
      "codename": "add_product"
    }
  },
  {
    "model": "auth.permission",
    "pk": 38,
    "fields": {
      "name": "Can change product",
      "content_type": 10,
      "codename": "change_product"
    }
  },
  {
    "model": "auth.permission",
    "pk": 39,
    "fields": {
      "name": "Can delete product",
      "content_type": 10,
      "codename": "delete_product"
    }
  },
  {
    "model": "auth.permission",
    "pk": 40,
    "fields": {
      "name": "Can view product",
      "content_type": 10,
      "codename": "view_product"
    }
  },
  {
    "model": "auth.permission",
    "pk": 41,
    "fields": {
      "name": "Can add order item",
      "content_type": 11,
      "codename": "add_orderitem"
    }
  },
  {
    "model": "auth.permission",
    "pk": 42,
    "fields": {
      "name": "Can change order item",
      "content_type": 11,
      "codename": "change_orderitem"
    }
  },
  {
    "model": "auth.permission",
    "pk": 43,
    "fields": {
      "name": "Can delete order item",
      "content_type": 11,
      "codename": "delete_orderitem"
    }
  },
  {
    "model": "auth.permission",
    "pk": 44,
    "fields": {
      "name": "Can view order item",
      "content_type": 11,
      "codename": "view_orderitem"
    }
  },
  {
    "model": "auth.permission",
    "pk": 45,
    "fields": {
      "name": "Can add review",
      "content_type": 12,
      "codename": "add_review"
    }
  },
  {
    "model": "auth.permission",
    "pk": 46,
    "fields": {
      "name": "Can change review",
      "content_type": 12,
      "codename": "change_review"
    }
  },
  {
    "model": "auth.permission",
    "pk": 47,
    "fields": {
      "name": "Can delete review",
      "content_type": 12,
      "codename": "delete_review"
    }
  },
  {
    "model": "auth.permission",
    "pk": 48,
    "fields": {
      "name": "Can view review",
      "content_type": 12,
      "codename": "view_review"
    }
  },
  {
    "model": "auth.permission",
    "pk": 49,
    "fields": {
      "name": "Can add shipping address",
      "content_type": 13,
      "codename": "add_shippingaddress"
    }
  },
  {
    "model": "auth.permission",
    "pk": 50,
    "fields": {
      "name": "Can change shipping address",
      "content_type": 13,
      "codename": "change_shippingaddress"
    }
  },
  {
    "model": "auth.permission",
    "pk": 51,
    "fields": {
      "name": "Can delete shipping address",
      "content_type": 13,
      "codename": "delete_shippingaddress"
    }
  },
  {
    "model": "auth.permission",
    "pk": 52,
    "fields": {
      "name": "Can view shipping address",
      "content_type": 13,
      "codename": "view_shippingaddress"
    }
  },
  {
    "model": "auth.user",
    "pk": 1,
    "fields": {
      "password": "pbkdf2_sha256$870000$YcpHT097F8hEG0zSNyLwir$1VLGua5I9gcA3HEur+QADjfJpS5URj+Yxx2ulwOTFY0=",
      "last_login": "2025-01-14T15:31:55.193Z",
      "is_superuser": true,
      "username": "admin@gmail.com",
      "first_name": "",
      "last_name": "",
      "email": "admin@gmail.com",
      "is_staff": true,
      "is_active": true,
      "date_joined": "2025-01-14T15:22:01.961Z",
      "groups": [],
      "user_permissions": []
    }
  },
  {
    "model": "auth.user",
    "pk": 2,
    "fields": {
      "password": "pbkdf2_sha256$870000$SVgG6yFElwhnZBV7akvjmY$kjc/ZLp0uQZSj2Ju8OdXU92wVVntXk5lXhJOf0G5/O4=",
      "last_login": null,
      "is_superuser": false,
      "username": "tkmax433@gmail.com",
      "first_name": "Auny",
      "last_name": "",
      "email": "tkmax433@gmail.com",
      "is_staff": false,
      "is_active": true,
      "date_joined": "2025-01-15T10:59:50.033Z",
      "groups": [],
      "user_permissions": []
    }
  },
  {
    "model": "auth.user",
    "pk": 23,
    "fields": {
      "password": "pbkdf2_sha256$870000$ptQPQZizt1iAiAHKVxn17p$8Ts0AtklebB73F5zAicDHgQ1ZZ9X20LC5Ju2osuEG9g=",
      "last_login": null,
      "is_superuser": false,
      "username": "khadizarahman813@gmail.com",
      "first_name": "shahida",
      "last_name": "",
      "email": "khadizarahman813@gmail.com",
      "is_staff": false,
      "is_active": true,
      "date_joined": "2025-01-24T20:29:42.202Z",
      "groups": [],
      "user_permissions": []
    }
  },
  {
    "model": "contenttypes.contenttype",
    "pk": 1,
    "fields": { "app_label": "admin", "model": "logentry" }
  },
  {
    "model": "contenttypes.contenttype",
    "pk": 2,
    "fields": { "app_label": "auth", "model": "permission" }
  },
  {
    "model": "contenttypes.contenttype",
    "pk": 3,
    "fields": { "app_label": "auth", "model": "group" }
  },
  {
    "model": "contenttypes.contenttype",
    "pk": 4,
    "fields": { "app_label": "auth", "model": "user" }
  },
  {
    "model": "contenttypes.contenttype",
    "pk": 5,
    "fields": { "app_label": "contenttypes", "model": "contenttype" }
  },
  {
    "model": "contenttypes.contenttype",
    "pk": 6,
    "fields": { "app_label": "sessions", "model": "session" }
  },
  {
    "model": "contenttypes.contenttype",
    "pk": 7,
    "fields": { "app_label": "base", "model": "brand" }
  },
  {
    "model": "contenttypes.contenttype",
    "pk": 8,
    "fields": { "app_label": "base", "model": "category" }
  },
  {
    "model": "contenttypes.contenttype",
    "pk": 9,
    "fields": { "app_label": "base", "model": "order" }
  },
  {
    "model": "contenttypes.contenttype",
    "pk": 10,
    "fields": { "app_label": "base", "model": "product" }
  },
  {
    "model": "contenttypes.contenttype",
    "pk": 11,
    "fields": { "app_label": "base", "model": "orderitem" }
  },
  {
    "model": "contenttypes.contenttype",
    "pk": 12,
    "fields": { "app_label": "base", "model": "review" }
  },
  {
    "model": "contenttypes.contenttype",
    "pk": 13,
    "fields": { "app_label": "base", "model": "shippingaddress" }
  },
  {
    "model": "sessions.session",
    "pk": "omak7co2m07jxhahwgjqu4mmdo1r2feq",
    "fields": {
      "session_data": ".eJxVjDsOwjAQBe_iGln-fyjpOYO163VwANlSnFSIu0OkFNC-mXkvlmBba9pGWdJM7MwkO_1uCPlR2g7oDu3Wee5tXWbku8IPOvi1U3leDvfvoMKo31rEKAsqNBM5KzQGjzZmckKDss57AihOy2K0DxRB6Wyd0mCimRyqYNj7A9XnN0g:1tXitX:OoU2rMFAcuoW3yez-EINhQM0SGc-p4noppADqv361sk",
      "expire_date": "2025-01-28T15:31:55.201Z"
    }
  },
  {
    "model": "base.brand",
    "pk": 1,
    "fields": { "name": "Apple", "slug": "apple", "icon_class": "fab fa-apple" }
  },
  {
    "model": "base.brand",
    "pk": 3,
    "fields": {
      "name": "Cannon",
      "slug": "cannon",
      "icon_class": "fas fa-camera"
    }
  },
  {
    "model": "base.brand",
    "pk": 4,
    "fields": { "name": "Sony", "slug": "sony", "icon_class": "fas fa-video" }
  },
  {
    "model": "base.brand",
    "pk": 5,
    "fields": {
      "name": "Logitech",
      "slug": "logitech",
      "icon_class": "fas fa-keyboard"
    }
  },
  {
    "model": "base.brand",
    "pk": 6,
    "fields": {
      "name": "Amazon",
      "slug": "amazon",
      "icon_class": "fab fa-amazon"
    }
  },
  {
    "model": "base.brand",
    "pk": 7,
    "fields": {
      "name": "Fujifilm",
      "slug": "fujifilm",
      "icon_class": "fas fa-camera-retro"
    }
  },
  {
    "model": "base.brand",
    "pk": 8,
    "fields": {
      "name": "SteelSeries",
      "slug": "steelseries",
      "icon_class": "fas fa-gamepad"
    }
  },
  {
    "model": "base.brand",
    "pk": 9,
    "fields": { "name": "CRKD", "slug": "crkd", "icon_class": "fas fa-gamepad" }
  },
  {
    "model": "base.category",
    "pk": 4,
    "fields": {
      "name": "Cell Phones",
      "slug": "cell-phones",
      "icon_class": "fas fa-mobile-alt"
    }
  },
  {
    "model": "base.category",
    "pk": 5,
    "fields": {
      "name": "Accessories",
      "slug": "accessories",
      "icon_class": "fas fa-tools"
    }
  },
  {
    "model": "base.category",
    "pk": 6,
    "fields": {
      "name": "Cameras",
      "slug": "cameras",
      "icon_class": "fas fa-camera"
    }
  },
  {
    "model": "base.category",
    "pk": 7,
    "fields": {
      "name": "Gaming Consoles",
      "slug": "gaming-consoles",
      "icon_class": "fas fa-gamepad"
    }
  },
  {
    "model": "base.category",
    "pk": 8,
    "fields": {
      "name": "Smart Home Devices",
      "slug": "smart-home-devices",
      "icon_class": "fas fa-home"
    }
  },
  {
    "model": "base.category",
    "pk": 9,
    "fields": {
      "name": "Earbuds",
      "slug": "earbuds",
      "icon_class": "fas fa-headphones-alt"
    }
  },
  {
    "model": "base.category",
    "pk": 10,
    "fields": {
      "name": "Headphones",
      "slug": "headphones",
      "icon_class": "fas fa-headphones"
    }
  },
  {
    "model": "base.product",
    "pk": 13,
    "fields": {
      "user": 1,
      "category": null,
      "name": "Airpods Wireless Bluetooth Headphones",
      "image": "airpods_ndgjwaB.jpg",
      "brand": 1,
      "description": "Airpods Wireless Bluetooth Headphones",
      "rating": "5.00",
      "numReviews": 1,
      "price": "999.99",
      "discountPercentage": null,
      "countInStock": 10,
      "createdAt": "2025-01-15T08:28:21.812Z"
    }
  },
  {
    "model": "base.product",
    "pk": 14,
    "fields": {
      "user": 1,
      "category": 4,
      "name": "iPhone 11 Pro 256GB Memory",
      "image": "phone_NROg5rU.jpg",
      "brand": 1,
      "description": "iPhone 11 Pro 256GB Memory",
      "rating": "3.00",
      "numReviews": 1,
      "price": "599.99",
      "discountPercentage": null,
      "countInStock": 11,
      "createdAt": "2025-01-15T08:29:23.625Z"
    }
  },
  {
    "model": "base.product",
    "pk": 15,
    "fields": {
      "user": 1,
      "category": 6,
      "name": "Cannon EOS 80D DSLR Camera",
      "image": "camera_vIJolGF.jpg",
      "brand": 3,
      "description": "Cannon EOS 80D DSLR Camera",
      "rating": null,
      "numReviews": 0,
      "price": "929.99",
      "discountPercentage": null,
      "countInStock": -13,
      "createdAt": "2025-01-15T08:30:17.777Z"
    }
  },
  {
    "model": "base.product",
    "pk": 16,
    "fields": {
      "user": 1,
      "category": 7,
      "name": "Sony Playstation 4 Pro White Version",
      "image": "playstation_fttaqlH.jpg",
      "brand": 4,
      "description": "The ultimate home entertainment center starts with PlayStation. Whether you are into gaming, HD movies, television, music",
      "rating": "4.50",
      "numReviews": 2,
      "price": "399.99",
      "discountPercentage": "20.00",
      "countInStock": 9,
      "createdAt": "2025-01-15T08:32:19.178Z"
    }
  },
  {
    "model": "base.product",
    "pk": 17,
    "fields": {
      "user": 1,
      "category": 5,
      "name": "Logitech G-Series Gaming Mouse",
      "image": "mouse_2BsL3GF.jpg",
      "brand": 5,
      "description": "Logitech G-Series Gaming Mouse",
      "rating": null,
      "numReviews": 0,
      "price": "49.99",
      "discountPercentage": null,
      "countInStock": 8,
      "createdAt": "2025-01-15T08:45:08.899Z"
    }
  },
  {
    "model": "base.product",
    "pk": 18,
    "fields": {
      "user": 1,
      "category": 8,
      "name": "Amazon Echo Dot 3rd Generation",
      "image": "alexa_36opaPv.jpg",
      "brand": 6,
      "description": "Meet Echo Dot - Our most popular smart speaker with a fabric design. It is our most compact smart speaker that fits perfectly into small space",
      "rating": "1.00",
      "numReviews": 1,
      "price": "28.00",
      "discountPercentage": null,
      "countInStock": 12,
      "createdAt": "2025-01-15T08:47:06.427Z"
    }
  },
  {
    "model": "base.product",
    "pk": 20,
    "fields": {
      "user": 1,
      "category": 4,
      "name": "iPhone 16 Pro",
      "image": "iphone_16pro__erw9alves2qa_large_2x.png",
      "brand": 1,
      "description": "The iPhone 16 Pro is the ultimate iPhone, offering premium features and stunning design options. Available in Desert Titanium, Natural Titanium, Black Titanium, and White Titanium, this device represents cutting-edge technology and innovation.",
      "rating": "3.33",
      "numReviews": 3,
      "price": "109890.00",
      "discountPercentage": null,
      "countInStock": 0,
      "createdAt": "2025-01-15T10:15:58.694Z"
    }
  },
  {
    "model": "base.product",
    "pk": 21,
    "fields": {
      "user": 1,
      "category": 6,
      "name": "The Fujifilm Instax Mini 12 Camera - Blossom Pink",
      "image": "camera1.jpg",
      "brand": 7,
      "description": "Capture memories instantly with the Fujifilm Instax Mini 12. Compact, stylish, and easy to use, it delivers credit-card-sized photos on the spot. Featuring automatic exposure, a close-up lens, and a vibrant Blossom Pink design, it's perfect for creating fun, tangible moments anytime, anywhere.",
      "rating": "3.67",
      "numReviews": 3,
      "price": "14189.00",
      "discountPercentage": "5.00",
      "countInStock": 8,
      "createdAt": "2025-01-15T10:48:14.937Z"
    }
  },
  {
    "model": "base.product",
    "pk": 22,
    "fields": {
      "user": 1,
      "category": 10,
      "name": "AirPods Max Midnight",
      "image": "airpods-max-select-202409-midnight.png",
      "brand": 1,
      "description": "Premium over-ear headphones with high-fidelity audio, Active Noise Cancellation, and spatial audio for an immersive experience. Perfect for music lovers and professionals.",
      "rating": null,
      "numReviews": 0,
      "price": "59000.00",
      "discountPercentage": null,
      "countInStock": 0,
      "createdAt": "2025-01-16T12:48:51.971Z"
    }
  },
  {
    "model": "base.product",
    "pk": 23,
    "fields": {
      "user": 1,
      "category": 9,
      "name": "AirPods Pro 2",
      "image": "airpods-pro-2.png",
      "brand": 1,
      "description": "Advanced true wireless earbuds with improved Active Noise Cancellation, adaptive transparency, and personalized spatial audio. Compact design for on-the-go use.",
      "rating": "1.00",
      "numReviews": 1,
      "price": "26700.00",
      "discountPercentage": "30.00",
      "countInStock": 7,
      "createdAt": "2025-01-16T12:49:47.810Z"
    }
  },
  {
    "model": "base.product",
    "pk": 24,
    "fields": {
      "user": 1,
      "category": 5,
      "name": "Apple Pencil Pro",
      "image": "MK0C2.png",
      "brand": 1,
      "description": "Precision stylus for creative professionals and students. Ideal for drawing, note-taking, and annotating with enhanced sensitivity and responsiveness",
      "rating": null,
      "numReviews": 0,
      "price": "13800.00",
      "discountPercentage": "30.00",
      "countInStock": 1,
      "createdAt": "2025-01-16T12:50:27.442Z"
    }
  },
  {
    "model": "base.product",
    "pk": 25,
    "fields": {
      "user": 1,
      "category": 7,
      "name": "Sony PlayStation« DualSenseÖ Wireless Controller",
      "image": "spgame.jpg",
      "brand": 4,
      "description": "The Sony PlayStation« DualSenseÖ Wireless Controller revolutionizes gaming with its immersive haptic feedback, adaptive triggers, and sleek design. Designed for PlayStation 5, this controller delivers a highly responsive and tactile experience, allowing players to feel every action in their games. With built-in motion sensors, a touchpad, and a comfortable grip, it elevates the gaming experience to new heights.",
      "rating": null,
      "numReviews": 0,
      "price": "7950.00",
      "discountPercentage": null,
      "countInStock": 1,
      "createdAt": "2025-01-16T13:07:26.205Z"
    }
  },
  {
    "model": "base.product",
    "pk": 26,
    "fields": {
      "user": 1,
      "category": 7,
      "name": "SteelSeries Nimbus+ Wireless Gaming Controller",
      "image": "game2.jpg",
      "brand": 8,
      "description": "The Apple SteelSeries Nimbus+ Wireless Gaming Controller is a premium gaming accessory designed for seamless gaming on iOS devices, Apple TV, and Mac. With its ergonomic design, responsive buttons, and up to 50 hours of battery life, it ensures a superior gaming experience. Perfect for both casual and competitive gamers, the controller features clickable joysticks, pressure-sensitive triggers, and Bluetooth connectivity for lag-free gameplay.",
      "rating": null,
      "numReviews": 0,
      "price": "7400.00",
      "discountPercentage": null,
      "countInStock": 10,
      "createdAt": "2025-01-16T13:08:54.878Z"
    }
  },
  {
    "model": "base.product",
    "pk": 27,
    "fields": {
      "user": 1,
      "category": 7,
      "name": "CRKD NEO S Controller with Charging Dock - Frost",
      "image": "crkd.jpg",
      "brand": 9,
      "description": "The CRKD NEO S Controller with Charging Dock - Frost is a stylish and functional gaming controller designed for versatile performance. With its frost-colored sleek design, it provides a comfortable grip and precise control for gaming enthusiasts. The included charging dock ensures your controller is always ready for extended gaming sessions. This controller supports multiple platforms, making it an excellent choice for gamers who need compatibility and convenience.",
      "rating": "4.00",
      "numReviews": 1,
      "price": "6355.00",
      "discountPercentage": "10.00",
      "countInStock": 8,
      "createdAt": "2025-01-16T13:15:32.248Z"
    }
  },
  {
    "model": "base.review",
    "pk": 1,
    "fields": {
      "product": null,
      "user": 1,
      "name": "",
      "rating": 4,
      "comment": "",
      "createdAt": "2025-01-14T16:38:55.329Z"
    }
  },
  {
    "model": "base.review",
    "pk": 2,
    "fields": {
      "product": null,
      "user": 1,
      "name": "",
      "rating": 4,
      "comment": "",
      "createdAt": "2025-01-14T16:47:53.376Z"
    }
  },
  {
    "model": "base.review",
    "pk": 3,
    "fields": {
      "product": null,
      "user": 1,
      "name": "",
      "rating": 3,
      "comment": "good",
      "createdAt": "2025-01-14T16:48:45.567Z"
    }
  },
  {
    "model": "base.review",
    "pk": 4,
    "fields": {
      "product": null,
      "user": 1,
      "name": "",
      "rating": 5,
      "comment": "",
      "createdAt": "2025-01-14T16:59:40.261Z"
    }
  },
  {
    "model": "base.review",
    "pk": 5,
    "fields": {
      "product": null,
      "user": 1,
      "name": "",
      "rating": 4,
      "comment": "",
      "createdAt": "2025-01-14T17:02:13.819Z"
    }
  },
  {
    "model": "base.review",
    "pk": 6,
    "fields": {
      "product": 20,
      "user": 1,
      "name": "",
      "rating": 4,
      "comment": "Good product",
      "createdAt": "2025-01-15T10:39:35.198Z"
    }
  },
  {
    "model": "base.review",
    "pk": 7,
    "fields": {
      "product": 16,
      "user": 1,
      "name": "",
      "rating": 5,
      "comment": "good",
      "createdAt": "2025-01-15T10:40:40.085Z"
    }
  },
  {
    "model": "base.review",
    "pk": 8,
    "fields": {
      "product": 21,
      "user": 1,
      "name": "",
      "rating": 5,
      "comment": "Excellent",
      "createdAt": "2025-01-15T10:51:19.888Z"
    }
  },
  {
    "model": "base.review",
    "pk": 9,
    "fields": {
      "product": 13,
      "user": 1,
      "name": "",
      "rating": 5,
      "comment": "",
      "createdAt": "2025-01-15T10:51:54.499Z"
    }
  },
  {
    "model": "base.review",
    "pk": 10,
    "fields": {
      "product": 14,
      "user": 1,
      "name": "",
      "rating": 3,
      "comment": "nice",
      "createdAt": "2025-01-15T10:53:08.317Z"
    }
  },
  {
    "model": "base.review",
    "pk": 11,
    "fields": {
      "product": 18,
      "user": 1,
      "name": "",
      "rating": 1,
      "comment": "Not so good",
      "createdAt": "2025-01-15T10:58:50.763Z"
    }
  },
  {
    "model": "base.review",
    "pk": 12,
    "fields": {
      "product": 20,
      "user": 2,
      "name": "Auny",
      "rating": 3,
      "comment": "Nice",
      "createdAt": "2025-01-15T11:00:58.835Z"
    }
  },
  {
    "model": "base.review",
    "pk": 13,
    "fields": {
      "product": 16,
      "user": 2,
      "name": "Auny",
      "rating": 4,
      "comment": "Good",
      "createdAt": "2025-01-15T11:01:31.852Z"
    }
  },
  {
    "model": "base.review",
    "pk": 14,
    "fields": {
      "product": 21,
      "user": null,
      "name": "jubayer",
      "rating": 3,
      "comment": "Good",
      "createdAt": "2025-01-16T10:06:22.037Z"
    }
  },
  {
    "model": "base.review",
    "pk": 15,
    "fields": {
      "product": 20,
      "user": null,
      "name": "jubayer",
      "rating": 3,
      "comment": "Nice Quality",
      "createdAt": "2025-01-16T10:06:43.798Z"
    }
  },
  {
    "model": "base.review",
    "pk": 16,
    "fields": {
      "product": 27,
      "user": null,
      "name": "jubayer",
      "rating": 4,
      "comment": "This gaming product is really nice",
      "createdAt": "2025-01-16T13:18:58.781Z"
    }
  },
  {
    "model": "base.review",
    "pk": 17,
    "fields": {
      "product": 21,
      "user": null,
      "name": "jamil",
      "rating": 3,
      "comment": "Nice Product",
      "createdAt": "2025-01-22T14:21:08.078Z"
    }
  },
  {
    "model": "base.review",
    "pk": 18,
    "fields": {
      "product": 23,
      "user": null,
      "name": "Mou",
      "rating": 1,
      "comment": "bad",
      "createdAt": "2025-01-23T15:07:36.211Z"
    }
  },
  {
    "model": "base.order",
    "pk": 1,
    "fields": {
      "user": null,
      "paymentMethod": "PayPal",
      "taxPrice": "39.19",
      "shippingPrice": "0.00",
      "totalPrice": "517.17",
      "isPaid": false,
      "paidAt": null,
      "isDelivered": false,
      "deliveredAt": null,
      "createdAt": "2025-01-16T10:01:44.072Z",
      "transaction_id": null
    }
  },
  {
    "model": "base.order",
    "pk": 2,
    "fields": {
      "user": 2,
      "paymentMethod": "PayPal",
      "taxPrice": "1133.90",
      "shippingPrice": "0.00",
      "totalPrice": "14961.90",
      "isPaid": false,
      "paidAt": null,
      "isDelivered": false,
      "deliveredAt": null,
      "createdAt": "2025-01-21T10:07:42.946Z",
      "transaction_id": null
    }
  },
  {
    "model": "base.order",
    "pk": 3,
    "fields": {
      "user": 2,
      "paymentMethod": "PayPal",
      "taxPrice": "2189.40",
      "shippingPrice": "0.00",
      "totalPrice": "28889.40",
      "isPaid": false,
      "paidAt": null,
      "isDelivered": false,
      "deliveredAt": null,
      "createdAt": "2025-01-21T13:23:15.960Z",
      "transaction_id": null
    }
  },
  {
    "model": "base.order",
    "pk": 4,
    "fields": {
      "user": 2,
      "paymentMethod": "PayPal",
      "taxPrice": "651.90",
      "shippingPrice": "0.00",
      "totalPrice": "8601.90",
      "isPaid": false,
      "paidAt": null,
      "isDelivered": false,
      "deliveredAt": null,
      "createdAt": "2025-01-21T13:36:16.645Z",
      "transaction_id": null
    }
  },
  {
    "model": "base.order",
    "pk": 5,
    "fields": {
      "user": 2,
      "paymentMethod": "PayPal",
      "taxPrice": "10.00",
      "shippingPrice": "5.00",
      "totalPrice": "115.00",
      "isPaid": false,
      "paidAt": null,
      "isDelivered": false,
      "deliveredAt": null,
      "createdAt": "2025-01-21T16:38:44.591Z",
      "transaction_id": null
    }
  },
  {
    "model": "base.order",
    "pk": 6,
    "fields": {
      "user": 2,
      "paymentMethod": "PayPal",
      "taxPrice": "10.00",
      "shippingPrice": "5.00",
      "totalPrice": "115.00",
      "isPaid": false,
      "paidAt": null,
      "isDelivered": false,
      "deliveredAt": null,
      "createdAt": "2025-01-21T16:43:14.064Z",
      "transaction_id": null
    }
  },
  {
    "model": "base.order",
    "pk": 7,
    "fields": {
      "user": 2,
      "paymentMethod": "PayPal",
      "taxPrice": "10.00",
      "shippingPrice": "5.00",
      "totalPrice": "115.00",
      "isPaid": false,
      "paidAt": null,
      "isDelivered": false,
      "deliveredAt": null,
      "createdAt": "2025-01-21T16:43:21.752Z",
      "transaction_id": null
    }
  },
  {
    "model": "base.order",
    "pk": 8,
    "fields": {
      "user": 2,
      "paymentMethod": "PayPal",
      "taxPrice": "10.00",
      "shippingPrice": "5.00",
      "totalPrice": "115.00",
      "isPaid": false,
      "paidAt": null,
      "isDelivered": false,
      "deliveredAt": null,
      "createdAt": "2025-01-21T16:44:55.938Z",
      "transaction_id": null
    }
  },
  {
    "model": "base.order",
    "pk": 9,
    "fields": {
      "user": 2,
      "paymentMethod": "PayPal",
      "taxPrice": "10.00",
      "shippingPrice": "5.00",
      "totalPrice": "115.00",
      "isPaid": false,
      "paidAt": null,
      "isDelivered": false,
      "deliveredAt": null,
      "createdAt": "2025-01-21T16:51:00.116Z",
      "transaction_id": null
    }
  },
  {
    "model": "base.order",
    "pk": 10,
    "fields": {
      "user": 2,
      "paymentMethod": "PayPal",
      "taxPrice": "10.00",
      "shippingPrice": "5.00",
      "totalPrice": "115.00",
      "isPaid": false,
      "paidAt": null,
      "isDelivered": false,
      "deliveredAt": null,
      "createdAt": "2025-01-21T16:51:36.892Z",
      "transaction_id": null
    }
  },
  {
    "model": "base.order",
    "pk": 11,
    "fields": {
      "user": 2,
      "paymentMethod": "PayPal",
      "taxPrice": "10.00",
      "shippingPrice": "5.00",
      "totalPrice": "115.00",
      "isPaid": false,
      "paidAt": null,
      "isDelivered": false,
      "deliveredAt": null,
      "createdAt": "2025-01-21T17:06:50.142Z",
      "transaction_id": null
    }
  },
  {
    "model": "base.order",
    "pk": 12,
    "fields": {
      "user": 2,
      "paymentMethod": "PayPal",
      "taxPrice": "10.00",
      "shippingPrice": "5.00",
      "totalPrice": "115.00",
      "isPaid": false,
      "paidAt": null,
      "isDelivered": false,
      "deliveredAt": null,
      "createdAt": "2025-01-22T05:41:04.346Z",
      "transaction_id": null
    }
  },
  {
    "model": "base.order",
    "pk": 13,
    "fields": {
      "user": 2,
      "paymentMethod": "PayPal",
      "taxPrice": "1207.86",
      "shippingPrice": "0.00",
      "totalPrice": "15937.85",
      "isPaid": false,
      "paidAt": null,
      "isDelivered": false,
      "deliveredAt": null,
      "createdAt": "2025-01-22T07:24:35.514Z",
      "transaction_id": null
    }
  },
  {
    "model": "base.order",
    "pk": 14,
    "fields": {
      "user": 2,
      "paymentMethod": "PayPal",
      "taxPrice": "13930.98",
      "shippingPrice": "0.00",
      "totalPrice": "183820.97",
      "isPaid": false,
      "paidAt": null,
      "isDelivered": false,
      "deliveredAt": null,
      "createdAt": "2025-01-22T07:28:40.080Z",
      "transaction_id": null
    }
  },
  {
    "model": "base.order",
    "pk": 15,
    "fields": {
      "user": 2,
      "paymentMethod": "PayPal",
      "taxPrice": "4920.00",
      "shippingPrice": "0.00",
      "totalPrice": "64919.99",
      "isPaid": false,
      "paidAt": null,
      "isDelivered": false,
      "deliveredAt": null,
      "createdAt": "2025-01-22T07:29:07.177Z",
      "transaction_id": null
    }
  },
  {
    "model": "base.order",
    "pk": 16,
    "fields": {
      "user": 2,
      "paymentMethod": "PayPal",
      "taxPrice": "18543.07",
      "shippingPrice": "0.00",
      "totalPrice": "244678.07",
      "isPaid": false,
      "paidAt": null,
      "isDelivered": false,
      "deliveredAt": null,
      "createdAt": "2025-01-22T07:39:08.747Z",
      "transaction_id": null
    }
  },
  {
    "model": "base.order",
    "pk": 17,
    "fields": {
      "user": 2,
      "paymentMethod": "PayPal",
      "taxPrice": "9532.09",
      "shippingPrice": "0.00",
      "totalPrice": "125777.09",
      "isPaid": false,
      "paidAt": null,
      "isDelivered": false,
      "deliveredAt": null,
      "createdAt": "2025-01-22T07:41:02.030Z",
      "transaction_id": null
    }
  },
  {
    "model": "base.order",
    "pk": 18,
    "fields": {
      "user": 2,
      "paymentMethod": "PayPal",
      "taxPrice": "1684.61",
      "shippingPrice": "0.00",
      "totalPrice": "22228.61",
      "isPaid": false,
      "paidAt": null,
      "isDelivered": false,
      "deliveredAt": null,
      "createdAt": "2025-01-22T07:41:22.306Z",
      "transaction_id": null
    }
  },
  {
    "model": "base.order",
    "pk": 19,
    "fields": {
      "user": 2,
      "paymentMethod": "PayPal",
      "taxPrice": "36043.92",
      "shippingPrice": "0.00",
      "totalPrice": "475603.92",
      "isPaid": false,
      "paidAt": null,
      "isDelivered": false,
      "deliveredAt": null,
      "createdAt": "2025-01-22T07:55:07.611Z",
      "transaction_id": null
    }
  },
  {
    "model": "base.order",
    "pk": 20,
    "fields": {
      "user": 2,
      "paymentMethod": "PayPal",
      "taxPrice": "36043.92",
      "shippingPrice": "0.00",
      "totalPrice": "475603.92",
      "isPaid": false,
      "paidAt": null,
      "isDelivered": false,
      "deliveredAt": null,
      "createdAt": "2025-01-22T08:00:23.156Z",
      "transaction_id": null
    }
  },
  {
    "model": "base.order",
    "pk": 21,
    "fields": {
      "user": 2,
      "paymentMethod": "PayPal",
      "taxPrice": "24237.07",
      "shippingPrice": "0.00",
      "totalPrice": "319811.06",
      "isPaid": false,
      "paidAt": null,
      "isDelivered": false,
      "deliveredAt": null,
      "createdAt": "2025-01-22T08:01:51.034Z",
      "transaction_id": null
    }
  },
  {
    "model": "base.order",
    "pk": 22,
    "fields": {
      "user": 2,
      "paymentMethod": "PayPal",
      "taxPrice": "10966.68",
      "shippingPrice": "0.00",
      "totalPrice": "144706.68",
      "isPaid": false,
      "paidAt": null,
      "isDelivered": false,
      "deliveredAt": null,
      "createdAt": "2025-01-22T08:15:16.116Z",
      "transaction_id": null
    }
  },
  {
    "model": "base.order",
    "pk": 23,
    "fields": {
      "user": 2,
      "paymentMethod": "SSLCOMMERZ",
      "taxPrice": "1163.50",
      "shippingPrice": "0.00",
      "totalPrice": "15352.50",
      "isPaid": false,
      "paidAt": null,
      "isDelivered": false,
      "deliveredAt": null,
      "createdAt": "2025-01-22T08:47:02.324Z",
      "transaction_id": null
    }
  },
  {
    "model": "base.order",
    "pk": 24,
    "fields": {
      "user": 2,
      "paymentMethod": "SSLCOMMERZ",
      "taxPrice": "1163.50",
      "shippingPrice": "0.00",
      "totalPrice": "15352.50",
      "isPaid": false,
      "paidAt": null,
      "isDelivered": false,
      "deliveredAt": null,
      "createdAt": "2025-01-22T08:47:32.030Z",
      "transaction_id": null
    }
  },
  {
    "model": "base.order",
    "pk": 25,
    "fields": {
      "user": 2,
      "paymentMethod": "SSLCOMMERZ",
      "taxPrice": "1131.60",
      "shippingPrice": "0.00",
      "totalPrice": "14931.60",
      "isPaid": false,
      "paidAt": null,
      "isDelivered": false,
      "deliveredAt": null,
      "createdAt": "2025-01-22T09:01:19.321Z",
      "transaction_id": null
    }
  },
  {
    "model": "base.order",
    "pk": 26,
    "fields": {
      "user": 2,
      "paymentMethod": "SSLCOMMERZ",
      "taxPrice": "651.90",
      "shippingPrice": "0.00",
      "totalPrice": "8601.90",
      "isPaid": false,
      "paidAt": null,
      "isDelivered": false,
      "deliveredAt": null,
      "createdAt": "2025-01-22T09:02:46.793Z",
      "transaction_id": null
    }
  },
  {
    "model": "base.order",
    "pk": 27,
    "fields": {
      "user": 2,
      "paymentMethod": "SSLCOMMERZ",
      "taxPrice": "651.90",
      "shippingPrice": "0.00",
      "totalPrice": "8601.90",
      "isPaid": false,
      "paidAt": null,
      "isDelivered": false,
      "deliveredAt": null,
      "createdAt": "2025-01-22T09:10:25.719Z",
      "transaction_id": null
    }
  },
  {
    "model": "base.order",
    "pk": 28,
    "fields": {
      "user": 2,
      "paymentMethod": "SSLCOMMERZ",
      "taxPrice": "1163.50",
      "shippingPrice": "0.00",
      "totalPrice": "15352.50",
      "isPaid": false,
      "paidAt": null,
      "isDelivered": false,
      "deliveredAt": null,
      "createdAt": "2025-01-22T09:17:07.235Z",
      "transaction_id": null
    }
  },
  {
    "model": "base.order",
    "pk": 29,
    "fields": {
      "user": 2,
      "paymentMethod": "SSLCOMMERZ",
      "taxPrice": "4838.00",
      "shippingPrice": "0.00",
      "totalPrice": "63838.00",
      "isPaid": false,
      "paidAt": null,
      "isDelivered": false,
      "deliveredAt": null,
      "createdAt": "2025-01-22T09:22:17.395Z",
      "transaction_id": null
    }
  },
  {
    "model": "base.order",
    "pk": 30,
    "fields": {
      "user": 2,
      "paymentMethod": "SSLCOMMERZ",
      "taxPrice": "1131.60",
      "shippingPrice": "0.00",
      "totalPrice": "14931.60",
      "isPaid": false,
      "paidAt": null,
      "isDelivered": false,
      "deliveredAt": null,
      "createdAt": "2025-01-22T09:24:20.394Z",
      "transaction_id": null
    }
  },
  {
    "model": "base.order",
    "pk": 31,
    "fields": {
      "user": 2,
      "paymentMethod": "SSLCOMMERZ",
      "taxPrice": "1131.60",
      "shippingPrice": "0.00",
      "totalPrice": "14931.60",
      "isPaid": false,
      "paidAt": null,
      "isDelivered": false,
      "deliveredAt": null,
      "createdAt": "2025-01-22T09:30:21.647Z",
      "transaction_id": null
    }
  },
  {
    "model": "base.order",
    "pk": 32,
    "fields": {
      "user": 2,
      "paymentMethod": "SSLCOMMERZ",
      "taxPrice": "1163.50",
      "shippingPrice": "0.00",
      "totalPrice": "15352.50",
      "isPaid": false,
      "paidAt": null,
      "isDelivered": false,
      "deliveredAt": null,
      "createdAt": "2025-01-22T09:33:48.379Z",
      "transaction_id": null
    }
  },
  {
    "model": "base.order",
    "pk": 33,
    "fields": {
      "user": 2,
      "paymentMethod": "SSLCOMMERZ",
      "taxPrice": "1131.60",
      "shippingPrice": "0.00",
      "totalPrice": "14931.60",
      "isPaid": false,
      "paidAt": null,
      "isDelivered": false,
      "deliveredAt": null,
      "createdAt": "2025-01-22T09:36:45.250Z",
      "transaction_id": null
    }
  },
  {
    "model": "base.order",
    "pk": 34,
    "fields": {
      "user": 2,
      "paymentMethod": "SSLCOMMERZ",
      "taxPrice": "1131.60",
      "shippingPrice": "0.00",
      "totalPrice": "14931.60",
      "isPaid": false,
      "paidAt": null,
      "isDelivered": false,
      "deliveredAt": null,
      "createdAt": "2025-01-22T09:36:48.076Z",
      "transaction_id": null
    }
  },
  {
    "model": "base.order",
    "pk": 35,
    "fields": {
      "user": 2,
      "paymentMethod": "SSLCOMMERZ",
      "taxPrice": "82.00",
      "shippingPrice": "0.00",
      "totalPrice": "1081.99",
      "isPaid": false,
      "paidAt": null,
      "isDelivered": false,
      "deliveredAt": null,
      "createdAt": "2025-01-22T09:37:19.613Z",
      "transaction_id": null
    }
  },
  {
    "model": "base.order",
    "pk": 36,
    "fields": {
      "user": 2,
      "paymentMethod": "SSLCOMMERZ",
      "taxPrice": "4838.00",
      "shippingPrice": "0.00",
      "totalPrice": "63838.00",
      "isPaid": false,
      "paidAt": null,
      "isDelivered": false,
      "deliveredAt": null,
      "createdAt": "2025-01-22T09:46:27.282Z",
      "transaction_id": null
    }
  },
  {
    "model": "base.order",
    "pk": 37,
    "fields": {
      "user": 2,
      "paymentMethod": "SSLCOMMERZ",
      "taxPrice": "2189.40",
      "shippingPrice": "0.00",
      "totalPrice": "28889.40",
      "isPaid": false,
      "paidAt": null,
      "isDelivered": false,
      "deliveredAt": null,
      "createdAt": "2025-01-22T09:59:10.695Z",
      "transaction_id": null
    }
  },
  {
    "model": "base.order",
    "pk": 38,
    "fields": {
      "user": 2,
      "paymentMethod": "SSLCOMMERZ",
      "taxPrice": "9010.98",
      "shippingPrice": "0.00",
      "totalPrice": "118900.98",
      "isPaid": false,
      "paidAt": null,
      "isDelivered": false,
      "deliveredAt": null,
      "createdAt": "2025-01-22T10:13:31.845Z",
      "transaction_id": null
    }
  },
  {
    "model": "base.order",
    "pk": 39,
    "fields": {
      "user": 2,
      "paymentMethod": "SSLCOMMERZ",
      "taxPrice": "82.00",
      "shippingPrice": "0.00",
      "totalPrice": "1081.99",
      "isPaid": false,
      "paidAt": null,
      "isDelivered": false,
      "deliveredAt": null,
      "createdAt": "2025-01-22T10:34:47.459Z",
      "transaction_id": null
    }
  },
  {
    "model": "base.order",
    "pk": 40,
    "fields": {
      "user": 2,
      "paymentMethod": "SSLCOMMERZ",
      "taxPrice": "4838.00",
      "shippingPrice": "0.00",
      "totalPrice": "63838.00",
      "isPaid": false,
      "paidAt": null,
      "isDelivered": false,
      "deliveredAt": null,
      "createdAt": "2025-01-22T10:35:33.160Z",
      "transaction_id": null
    }
  },
  {
    "model": "base.order",
    "pk": 41,
    "fields": {
      "user": 2,
      "paymentMethod": "SSLCOMMERZ",
      "taxPrice": "4838.00",
      "shippingPrice": "0.00",
      "totalPrice": "63838.00",
      "isPaid": false,
      "paidAt": null,
      "isDelivered": false,
      "deliveredAt": null,
      "createdAt": "2025-01-22T10:39:57.672Z",
      "transaction_id": null
    }
  },
  {
    "model": "base.order",
    "pk": 42,
    "fields": {
      "user": 2,
      "paymentMethod": "SSLCOMMERZ",
      "taxPrice": "4838.00",
      "shippingPrice": "0.00",
      "totalPrice": "63838.00",
      "isPaid": false,
      "paidAt": null,
      "isDelivered": false,
      "deliveredAt": null,
      "createdAt": "2025-01-22T10:41:29.260Z",
      "transaction_id": null
    }
  },
  {
    "model": "base.order",
    "pk": 43,
    "fields": {
      "user": 2,
      "paymentMethod": "SSLCOMMERZ",
      "taxPrice": "2189.40",
      "shippingPrice": "0.00",
      "totalPrice": "28889.40",
      "isPaid": false,
      "paidAt": null,
      "isDelivered": false,
      "deliveredAt": null,
      "createdAt": "2025-01-22T10:42:20.145Z",
      "transaction_id": null
    }
  },
  {
    "model": "base.order",
    "pk": 44,
    "fields": {
      "user": 2,
      "paymentMethod": "SSLCOMMERZ",
      "taxPrice": "2189.40",
      "shippingPrice": "0.00",
      "totalPrice": "28889.40",
      "isPaid": false,
      "paidAt": null,
      "isDelivered": false,
      "deliveredAt": null,
      "createdAt": "2025-01-22T10:48:44.524Z",
      "transaction_id": null
    }
  },
  {
    "model": "base.order",
    "pk": 45,
    "fields": {
      "user": 2,
      "paymentMethod": "SSLCommerz",
      "taxPrice": "2189.40",
      "shippingPrice": "0.00",
      "totalPrice": "28889.40",
      "isPaid": false,
      "paidAt": null,
      "isDelivered": false,
      "deliveredAt": null,
      "createdAt": "2025-01-22T10:48:49.637Z",
      "transaction_id": null
    }
  },
  {
    "model": "base.order",
    "pk": 46,
    "fields": {
      "user": 2,
      "paymentMethod": "SSLCommerz",
      "taxPrice": "2189.40",
      "shippingPrice": "0.00",
      "totalPrice": "28889.40",
      "isPaid": false,
      "paidAt": null,
      "isDelivered": false,
      "deliveredAt": null,
      "createdAt": "2025-01-22T10:50:58.809Z",
      "transaction_id": null
    }
  },
  {
    "model": "base.order",
    "pk": 47,
    "fields": {
      "user": 2,
      "paymentMethod": "SSLCOMMERZ",
      "taxPrice": "9010.98",
      "shippingPrice": "0.00",
      "totalPrice": "118900.98",
      "isPaid": false,
      "paidAt": null,
      "isDelivered": false,
      "deliveredAt": null,
      "createdAt": "2025-01-22T11:39:41.406Z",
      "transaction_id": null
    }
  },
  {
    "model": "base.order",
    "pk": 48,
    "fields": {
      "user": 2,
      "paymentMethod": "SSLCOMMERZ",
      "taxPrice": "9010.98",
      "shippingPrice": "0.00",
      "totalPrice": "118900.98",
      "isPaid": false,
      "paidAt": null,
      "isDelivered": false,
      "deliveredAt": null,
      "createdAt": "2025-01-22T12:04:02.358Z",
      "transaction_id": null
    }
  },
  {
    "model": "base.order",
    "pk": 49,
    "fields": {
      "user": 2,
      "paymentMethod": "SSLCOMMERZ",
      "taxPrice": "49.20",
      "shippingPrice": "0.00",
      "totalPrice": "649.19",
      "isPaid": true,
      "paidAt": "2025-01-22T18:20:14.013Z",
      "isDelivered": false,
      "deliveredAt": null,
      "createdAt": "2025-01-22T12:20:03.617Z",
      "transaction_id": "order_49"
    }
  },
  {
    "model": "base.order",
    "pk": 50,
    "fields": {
      "user": 2,
      "paymentMethod": "SSLCOMMERZ",
      "taxPrice": "32.80",
      "shippingPrice": "0.00",
      "totalPrice": "432.79",
      "isPaid": true,
      "paidAt": "2025-01-22T18:58:01.172Z",
      "isDelivered": false,
      "deliveredAt": null,
      "createdAt": "2025-01-22T12:29:45.150Z",
      "transaction_id": "order_50"
    }
  },
  {
    "model": "base.order",
    "pk": 51,
    "fields": {
      "user": 2,
      "paymentMethod": "SSLCOMMERZ",
      "taxPrice": "82.00",
      "shippingPrice": "0.00",
      "totalPrice": "1081.99",
      "isPaid": true,
      "paidAt": "2025-01-22T18:59:11.715Z",
      "isDelivered": false,
      "deliveredAt": null,
      "createdAt": "2025-01-22T12:59:01.273Z",
      "transaction_id": "order_51"
    }
  },
  {
    "model": "base.order",
    "pk": 52,
    "fields": {
      "user": 2,
      "paymentMethod": "SSLCOMMERZ",
      "taxPrice": "82.00",
      "shippingPrice": "0.00",
      "totalPrice": "1081.99",
      "isPaid": true,
      "paidAt": "2025-01-22T19:03:04.706Z",
      "isDelivered": false,
      "deliveredAt": null,
      "createdAt": "2025-01-22T13:02:53.979Z",
      "transaction_id": "order_52"
    }
  },
  {
    "model": "base.order",
    "pk": 53,
    "fields": {
      "user": 2,
      "paymentMethod": "SSLCOMMERZ",
      "taxPrice": "521.11",
      "shippingPrice": "0.00",
      "totalPrice": "6876.11",
      "isPaid": true,
      "paidAt": "2025-01-22T19:13:39.746Z",
      "isDelivered": true,
      "deliveredAt": "2025-01-22T19:14:42.385Z",
      "createdAt": "2025-01-22T13:13:28.660Z",
      "transaction_id": "order_53"
    }
  },
  {
    "model": "base.order",
    "pk": 54,
    "fields": {
      "user": null,
      "paymentMethod": "SSLCOMMERZ",
      "taxPrice": "3352.90",
      "shippingPrice": "0.00",
      "totalPrice": "44241.90",
      "isPaid": true,
      "paidAt": "2025-01-22T20:19:07.528Z",
      "isDelivered": false,
      "deliveredAt": null,
      "createdAt": "2025-01-22T14:18:57.248Z",
      "transaction_id": "order_54"
    }
  },
  {
    "model": "base.order",
    "pk": 55,
    "fields": {
      "user": null,
      "paymentMethod": "SSLCOMMERZ",
      "taxPrice": "1163.50",
      "shippingPrice": "0.00",
      "totalPrice": "15352.50",
      "isPaid": true,
      "paidAt": "2025-01-23T00:12:27.297Z",
      "isDelivered": false,
      "deliveredAt": null,
      "createdAt": "2025-01-22T18:11:22.058Z",
      "transaction_id": "order_55"
    }
  },
  {
    "model": "base.order",
    "pk": 56,
    "fields": {
      "user": null,
      "paymentMethod": "SSLCOMMERZ",
      "taxPrice": "6105.31",
      "shippingPrice": "0.00",
      "totalPrice": "80560.31",
      "isPaid": true,
      "paidAt": "2025-01-23T21:17:50.321Z",
      "isDelivered": false,
      "deliveredAt": null,
      "createdAt": "2025-01-23T15:17:41.273Z",
      "transaction_id": "order_56"
    }
  },
  {
    "model": "base.order",
    "pk": 57,
    "fields": {
      "user": null,
      "paymentMethod": "SSLCOMMERZ",
      "taxPrice": "2841.30",
      "shippingPrice": "0.00",
      "totalPrice": "37491.30",
      "isPaid": true,
      "paidAt": "2025-01-24T21:47:29.930Z",
      "isDelivered": false,
      "deliveredAt": null,
      "createdAt": "2025-01-24T15:40:17.730Z",
      "transaction_id": "order_57"
    }
  },
  {
    "model": "base.order",
    "pk": 58,
    "fields": {
      "user": null,
      "paymentMethod": "SSLCOMMERZ",
      "taxPrice": "2295.10",
      "shippingPrice": "0.00",
      "totalPrice": "30284.10",
      "isPaid": true,
      "paidAt": "2025-01-24T21:54:44.306Z",
      "isDelivered": false,
      "deliveredAt": null,
      "createdAt": "2025-01-24T15:54:33.732Z",
      "transaction_id": "order_58"
    }
  },
  {
    "model": "base.order",
    "pk": 59,
    "fields": {
      "user": 23,
      "paymentMethod": "SSLCOMMERZ",
      "taxPrice": "1783.50",
      "shippingPrice": "0.00",
      "totalPrice": "23533.50",
      "isPaid": true,
      "paidAt": "2025-01-25T02:30:58.498Z",
      "isDelivered": false,
      "deliveredAt": null,
      "createdAt": "2025-01-24T20:30:41.560Z",
      "transaction_id": "order_59"
    }
  },
  {
    "model": "base.order",
    "pk": 60,
    "fields": {
      "user": 23,
      "paymentMethod": "SSLCOMMERZ",
      "taxPrice": "651.90",
      "shippingPrice": "0.00",
      "totalPrice": "8601.90",
      "isPaid": true,
      "paidAt": "2025-01-25T02:36:06.105Z",
      "isDelivered": false,
      "deliveredAt": null,
      "createdAt": "2025-01-24T20:35:56.272Z",
      "transaction_id": "order_60"
    }
  },
  {
    "model": "base.order",
    "pk": 61,
    "fields": {
      "user": 23,
      "paymentMethod": "SSLCOMMERZ",
      "taxPrice": "1131.60",
      "shippingPrice": "0.00",
      "totalPrice": "14931.60",
      "isPaid": true,
      "paidAt": "2025-01-25T02:41:19.830Z",
      "isDelivered": false,
      "deliveredAt": null,
      "createdAt": "2025-01-24T20:38:42.682Z",
      "transaction_id": "order_61"
    }
  },
  {
    "model": "base.order",
    "pk": 62,
    "fields": {
      "user": 23,
      "paymentMethod": "SSLCOMMERZ",
      "taxPrice": "2947.00",
      "shippingPrice": "0.00",
      "totalPrice": "38886.00",
      "isPaid": true,
      "paidAt": "2025-01-25T02:50:26.387Z",
      "isDelivered": false,
      "deliveredAt": null,
      "createdAt": "2025-01-24T20:50:09.332Z",
      "transaction_id": "order_62"
    }
  },
  {
    "model": "base.order",
    "pk": 63,
    "fields": {
      "user": 23,
      "paymentMethod": "SSLCOMMERZ",
      "taxPrice": "606.80",
      "shippingPrice": "0.00",
      "totalPrice": "8006.80",
      "isPaid": false,
      "paidAt": null,
      "isDelivered": false,
      "deliveredAt": null,
      "createdAt": "2025-01-24T20:50:44.129Z",
      "transaction_id": "order_63"
    }
  },
  {
    "model": "base.order",
    "pk": 64,
    "fields": {
      "user": 23,
      "paymentMethod": "SSLCOMMERZ",
      "taxPrice": "651.90",
      "shippingPrice": "0.00",
      "totalPrice": "8601.90",
      "isPaid": false,
      "paidAt": null,
      "isDelivered": false,
      "deliveredAt": null,
      "createdAt": "2025-01-24T22:13:01.278Z",
      "transaction_id": null
    }
  },
  {
    "model": "base.orderitem",
    "pk": 1,
    "fields": {
      "product": 16,
      "order": 1,
      "name": "Sony Playstation 4 Pro White Version",
      "qty": 1,
      "price": "399.99",
      "image": "/images/playstation_fttaqlH.jpg"
    }
  },
  {
    "model": "base.orderitem",
    "pk": 2,
    "fields": {
      "product": 18,
      "order": 1,
      "name": "Amazon Echo Dot 3rd Generation",
      "qty": 1,
      "price": "28.00",
      "image": "/images/alexa_36opaPv.jpg"
    }
  },
  {
    "model": "base.orderitem",
    "pk": 3,
    "fields": {
      "product": 17,
      "order": 1,
      "name": "Logitech G-Series Gaming Mouse",
      "qty": 1,
      "price": "49.99",
      "image": "/images/mouse_2BsL3GF.jpg"
    }
  },
  {
    "model": "base.orderitem",
    "pk": 4,
    "fields": {
      "product": 18,
      "order": 2,
      "name": "Amazon Echo Dot 3rd Generation",
      "qty": 1,
      "price": "28.00",
      "image": "/images/alexa_36opaPv.jpg"
    }
  },
  {
    "model": "base.orderitem",
    "pk": 5,
    "fields": {
      "product": 24,
      "order": 2,
      "name": "Apple Pencil Pro",
      "qty": 1,
      "price": "13800.00",
      "image": "/images/MK0C2.png"
    }
  },
  {
    "model": "base.orderitem",
    "pk": 6,
    "fields": {
      "product": 23,
      "order": 3,
      "name": "AirPods Pro 2",
      "qty": 1,
      "price": "26700.00",
      "image": "/images/airpods-pro-2.png"
    }
  },
  {
    "model": "base.orderitem",
    "pk": 7,
    "fields": {
      "product": 25,
      "order": 4,
      "name": "Sony PlayStation« DualSenseÖ Wireless Controller",
      "qty": 1,
      "price": "7950.00",
      "image": "/images/spgame.jpg"
    }
  },
  {
    "model": "base.orderitem",
    "pk": 8,
    "fields": {
      "product": 15,
      "order": 7,
      "name": "Cannon EOS 80D DSLR Camera",
      "qty": 2,
      "price": "100.00",
      "image": "/images/camera_vIJolGF.jpg"
    }
  },
  {
    "model": "base.orderitem",
    "pk": 9,
    "fields": {
      "product": 15,
      "order": 8,
      "name": "Cannon EOS 80D DSLR Camera",
      "qty": 2,
      "price": "100.00",
      "image": "/images/camera_vIJolGF.jpg"
    }
  },
  {
    "model": "base.orderitem",
    "pk": 10,
    "fields": {
      "product": 15,
      "order": 9,
      "name": "Cannon EOS 80D DSLR Camera",
      "qty": 2,
      "price": "100.00",
      "image": "/images/camera_vIJolGF.jpg"
    }
  },
  {
    "model": "base.orderitem",
    "pk": 11,
    "fields": {
      "product": 15,
      "order": 10,
      "name": "Cannon EOS 80D DSLR Camera",
      "qty": 2,
      "price": "100.00",
      "image": "/images/camera_vIJolGF.jpg"
    }
  },
  {
    "model": "base.orderitem",
    "pk": 12,
    "fields": {
      "product": 15,
      "order": 11,
      "name": "Cannon EOS 80D DSLR Camera",
      "qty": 2,
      "price": "100.00",
      "image": "/images/camera_vIJolGF.jpg"
    }
  },
  {
    "model": "base.orderitem",
    "pk": 13,
    "fields": {
      "product": 15,
      "order": 12,
      "name": "Cannon EOS 80D DSLR Camera",
      "qty": 2,
      "price": "100.00",
      "image": "/images/camera_vIJolGF.jpg"
    }
  },
  {
    "model": "base.orderitem",
    "pk": 14,
    "fields": {
      "product": 15,
      "order": 13,
      "name": "Cannon EOS 80D DSLR Camera",
      "qty": 1,
      "price": "929.99",
      "image": "/images/camera_vIJolGF.jpg"
    }
  },
  {
    "model": "base.orderitem",
    "pk": 15,
    "fields": {
      "product": 24,
      "order": 13,
      "name": "Apple Pencil Pro",
      "qty": 1,
      "price": "13800.00",
      "image": "/images/MK0C2.png"
    }
  },
  {
    "model": "base.orderitem",
    "pk": 16,
    "fields": {
      "product": 22,
      "order": 14,
      "name": "AirPods Max Midnight",
      "qty": 1,
      "price": "59000.00",
      "image": "/images/airpods-max-select-202409-midnight.png"
    }
  },
  {
    "model": "base.orderitem",
    "pk": 17,
    "fields": {
      "product": 22,
      "order": 15,
      "name": "AirPods Max Midnight",
      "qty": 1,
      "price": "59000.00",
      "image": "/images/airpods-max-select-202409-midnight.png"
    }
  },
  {
    "model": "base.orderitem",
    "pk": 18,
    "fields": {
      "product": 13,
      "order": 15,
      "name": "Airpods Wireless Bluetooth Headphones",
      "qty": 1,
      "price": "999.99",
      "image": "/images/airpods_ndgjwaB.jpg"
    }
  },
  {
    "model": "base.orderitem",
    "pk": 19,
    "fields": {
      "product": 27,
      "order": 16,
      "name": "CRKD NEO S Controller with Charging Dock - Frost",
      "qty": 1,
      "price": "6355.00",
      "image": "/images/crkd.jpg"
    }
  },
  {
    "model": "base.orderitem",
    "pk": 20,
    "fields": {
      "product": 27,
      "order": 17,
      "name": "CRKD NEO S Controller with Charging Dock - Frost",
      "qty": 1,
      "price": "6355.00",
      "image": "/images/crkd.jpg"
    }
  },
  {
    "model": "base.orderitem",
    "pk": 21,
    "fields": {
      "product": 27,
      "order": 18,
      "name": "CRKD NEO S Controller with Charging Dock - Frost",
      "qty": 1,
      "price": "6355.00",
      "image": "/images/crkd.jpg"
    }
  },
  {
    "model": "base.orderitem",
    "pk": 22,
    "fields": {
      "product": 21,
      "order": 18,
      "name": "The Fujifilm Instax Mini 12 Camera - Blossom Pink",
      "qty": 1,
      "price": "14189.00",
      "image": "/images/camera1.jpg"
    }
  },
  {
    "model": "base.orderitem",
    "pk": 23,
    "fields": {
      "product": 20,
      "order": 20,
      "name": "iPhone 16 Pro",
      "qty": 4,
      "price": "109890.00",
      "image": "/images/iphone_16pro__erw9alves2qa_large_2x.png"
    }
  },
  {
    "model": "base.orderitem",
    "pk": 24,
    "fields": {
      "product": 27,
      "order": 21,
      "name": "CRKD NEO S Controller with Charging Dock - Frost",
      "qty": 1,
      "price": "6355.00",
      "image": "/images/crkd.jpg"
    }
  },
  {
    "model": "base.orderitem",
    "pk": 25,
    "fields": {
      "product": 24,
      "order": 21,
      "name": "Apple Pencil Pro",
      "qty": 4,
      "price": "13800.00",
      "image": "/images/MK0C2.png"
    }
  },
  {
    "model": "base.orderitem",
    "pk": 26,
    "fields": {
      "product": 21,
      "order": 21,
      "name": "The Fujifilm Instax Mini 12 Camera - Blossom Pink",
      "qty": 1,
      "price": "14189.00",
      "image": "/images/camera1.jpg"
    }
  },
  {
    "model": "base.orderitem",
    "pk": 27,
    "fields": {
      "product": 17,
      "order": 21,
      "name": "Logitech G-Series Gaming Mouse",
      "qty": 1,
      "price": "49.99",
      "image": "/images/mouse_2BsL3GF.jpg"
    }
  },
  {
    "model": "base.orderitem",
    "pk": 28,
    "fields": {
      "product": 20,
      "order": 21,
      "name": "iPhone 16 Pro",
      "qty": 2,
      "price": "109890.00",
      "image": "/images/iphone_16pro__erw9alves2qa_large_2x.png"
    }
  },
  {
    "model": "base.orderitem",
    "pk": 29,
    "fields": {
      "product": 25,
      "order": 22,
      "name": "Sony PlayStation« DualSenseÖ Wireless Controller",
      "qty": 3,
      "price": "7950.00",
      "image": "/images/spgame.jpg"
    }
  },
  {
    "model": "base.orderitem",
    "pk": 30,
    "fields": {
      "product": 20,
      "order": 22,
      "name": "iPhone 16 Pro",
      "qty": 1,
      "price": "109890.00",
      "image": "/images/iphone_16pro__erw9alves2qa_large_2x.png"
    }
  },
  {
    "model": "base.orderitem",
    "pk": 31,
    "fields": {
      "product": 21,
      "order": 23,
      "name": "The Fujifilm Instax Mini 12 Camera - Blossom Pink",
      "qty": 1,
      "price": "14189.00",
      "image": "/images/camera1.jpg"
    }
  },
  {
    "model": "base.orderitem",
    "pk": 32,
    "fields": {
      "product": 21,
      "order": 24,
      "name": "The Fujifilm Instax Mini 12 Camera - Blossom Pink",
      "qty": 1,
      "price": "14189.00",
      "image": "/images/camera1.jpg"
    }
  },
  {
    "model": "base.orderitem",
    "pk": 33,
    "fields": {
      "product": 24,
      "order": 25,
      "name": "Apple Pencil Pro",
      "qty": 1,
      "price": "13800.00",
      "image": "/images/MK0C2.png"
    }
  },
  {
    "model": "base.orderitem",
    "pk": 34,
    "fields": {
      "product": 25,
      "order": 26,
      "name": "Sony PlayStation« DualSenseÖ Wireless Controller",
      "qty": 1,
      "price": "7950.00",
      "image": "/images/spgame.jpg"
    }
  },
  {
    "model": "base.orderitem",
    "pk": 35,
    "fields": {
      "product": 25,
      "order": 27,
      "name": "Sony PlayStation« DualSenseÖ Wireless Controller",
      "qty": 1,
      "price": "7950.00",
      "image": "/images/spgame.jpg"
    }
  },
  {
    "model": "base.orderitem",
    "pk": 36,
    "fields": {
      "product": 21,
      "order": 28,
      "name": "The Fujifilm Instax Mini 12 Camera - Blossom Pink",
      "qty": 1,
      "price": "14189.00",
      "image": "/images/camera1.jpg"
    }
  },
  {
    "model": "base.orderitem",
    "pk": 37,
    "fields": {
      "product": 22,
      "order": 29,
      "name": "AirPods Max Midnight",
      "qty": 1,
      "price": "59000.00",
      "image": "/images/airpods-max-select-202409-midnight.png"
    }
  },
  {
    "model": "base.orderitem",
    "pk": 38,
    "fields": {
      "product": 24,
      "order": 30,
      "name": "Apple Pencil Pro",
      "qty": 1,
      "price": "13800.00",
      "image": "/images/MK0C2.png"
    }
  },
  {
    "model": "base.orderitem",
    "pk": 39,
    "fields": {
      "product": 24,
      "order": 31,
      "name": "Apple Pencil Pro",
      "qty": 1,
      "price": "13800.00",
      "image": "/images/MK0C2.png"
    }
  },
  {
    "model": "base.orderitem",
    "pk": 40,
    "fields": {
      "product": 21,
      "order": 32,
      "name": "The Fujifilm Instax Mini 12 Camera - Blossom Pink",
      "qty": 1,
      "price": "14189.00",
      "image": "/images/camera1.jpg"
    }
  },
  {
    "model": "base.orderitem",
    "pk": 41,
    "fields": {
      "product": 24,
      "order": 33,
      "name": "Apple Pencil Pro",
      "qty": 1,
      "price": "13800.00",
      "image": "/images/MK0C2.png"
    }
  },
  {
    "model": "base.orderitem",
    "pk": 42,
    "fields": {
      "product": 24,
      "order": 34,
      "name": "Apple Pencil Pro",
      "qty": 1,
      "price": "13800.00",
      "image": "/images/MK0C2.png"
    }
  },
  {
    "model": "base.orderitem",
    "pk": 43,
    "fields": {
      "product": 13,
      "order": 35,
      "name": "Airpods Wireless Bluetooth Headphones",
      "qty": 1,
      "price": "999.99",
      "image": "/images/airpods_ndgjwaB.jpg"
    }
  },
  {
    "model": "base.orderitem",
    "pk": 44,
    "fields": {
      "product": 22,
      "order": 36,
      "name": "AirPods Max Midnight",
      "qty": 1,
      "price": "59000.00",
      "image": "/images/airpods-max-select-202409-midnight.png"
    }
  },
  {
    "model": "base.orderitem",
    "pk": 45,
    "fields": {
      "product": 23,
      "order": 37,
      "name": "AirPods Pro 2",
      "qty": 1,
      "price": "26700.00",
      "image": "/images/airpods-pro-2.png"
    }
  },
  {
    "model": "base.orderitem",
    "pk": 46,
    "fields": {
      "product": 20,
      "order": 38,
      "name": "iPhone 16 Pro",
      "qty": 1,
      "price": "109890.00",
      "image": "/images/iphone_16pro__erw9alves2qa_large_2x.png"
    }
  },
  {
    "model": "base.orderitem",
    "pk": 47,
    "fields": {
      "product": 13,
      "order": 39,
      "name": "Airpods Wireless Bluetooth Headphones",
      "qty": 1,
      "price": "999.99",
      "image": "/images/airpods_ndgjwaB.jpg"
    }
  },
  {
    "model": "base.orderitem",
    "pk": 48,
    "fields": {
      "product": 22,
      "order": 40,
      "name": "AirPods Max Midnight",
      "qty": 1,
      "price": "59000.00",
      "image": "/images/airpods-max-select-202409-midnight.png"
    }
  },
  {
    "model": "base.orderitem",
    "pk": 49,
    "fields": {
      "product": 22,
      "order": 41,
      "name": "AirPods Max Midnight",
      "qty": 1,
      "price": "59000.00",
      "image": "/images/airpods-max-select-202409-midnight.png"
    }
  },
  {
    "model": "base.orderitem",
    "pk": 50,
    "fields": {
      "product": 22,
      "order": 42,
      "name": "AirPods Max Midnight",
      "qty": 1,
      "price": "59000.00",
      "image": "/images/airpods-max-select-202409-midnight.png"
    }
  },
  {
    "model": "base.orderitem",
    "pk": 51,
    "fields": {
      "product": 23,
      "order": 43,
      "name": "AirPods Pro 2",
      "qty": 1,
      "price": "26700.00",
      "image": "/images/airpods-pro-2.png"
    }
  },
  {
    "model": "base.orderitem",
    "pk": 52,
    "fields": {
      "product": 23,
      "order": 44,
      "name": "AirPods Pro 2",
      "qty": 1,
      "price": "26700.00",
      "image": "/images/airpods-pro-2.png"
    }
  },
  {
    "model": "base.orderitem",
    "pk": 53,
    "fields": {
      "product": 23,
      "order": 45,
      "name": "AirPods Pro 2",
      "qty": 1,
      "price": "26700.00",
      "image": "/images/airpods-pro-2.png"
    }
  },
  {
    "model": "base.orderitem",
    "pk": 54,
    "fields": {
      "product": 23,
      "order": 46,
      "name": "AirPods Pro 2",
      "qty": 1,
      "price": "26700.00",
      "image": "/images/airpods-pro-2.png"
    }
  },
  {
    "model": "base.orderitem",
    "pk": 55,
    "fields": {
      "product": 20,
      "order": 47,
      "name": "iPhone 16 Pro",
      "qty": 1,
      "price": "109890.00",
      "image": "/images/iphone_16pro__erw9alves2qa_large_2x.png"
    }
  },
  {
    "model": "base.orderitem",
    "pk": 56,
    "fields": {
      "product": 20,
      "order": 48,
      "name": "iPhone 16 Pro",
      "qty": 1,
      "price": "109890.00",
      "image": "/images/iphone_16pro__erw9alves2qa_large_2x.png"
    }
  },
  {
    "model": "base.orderitem",
    "pk": 57,
    "fields": {
      "product": 14,
      "order": 49,
      "name": "iPhone 11 Pro 256GB Memory",
      "qty": 1,
      "price": "599.99",
      "image": "/images/phone_NROg5rU.jpg"
    }
  },
  {
    "model": "base.orderitem",
    "pk": 58,
    "fields": {
      "product": 16,
      "order": 50,
      "name": "Sony Playstation 4 Pro White Version",
      "qty": 1,
      "price": "399.99",
      "image": "/images/playstation_fttaqlH.jpg"
    }
  },
  {
    "model": "base.orderitem",
    "pk": 59,
    "fields": {
      "product": 13,
      "order": 51,
      "name": "Airpods Wireless Bluetooth Headphones",
      "qty": 1,
      "price": "999.99",
      "image": "/images/airpods_ndgjwaB.jpg"
    }
  },
  {
    "model": "base.orderitem",
    "pk": 60,
    "fields": {
      "product": 13,
      "order": 52,
      "name": "Airpods Wireless Bluetooth Headphones",
      "qty": 1,
      "price": "999.99",
      "image": "/images/airpods_ndgjwaB.jpg"
    }
  },
  {
    "model": "base.orderitem",
    "pk": 61,
    "fields": {
      "product": 27,
      "order": 53,
      "name": "CRKD NEO S Controller with Charging Dock - Frost",
      "qty": 1,
      "price": "6355.00",
      "image": "/images/crkd.jpg"
    }
  },
  {
    "model": "base.orderitem",
    "pk": 62,
    "fields": {
      "product": 21,
      "order": 54,
      "name": "The Fujifilm Instax Mini 12 Camera - Blossom Pink",
      "qty": 1,
      "price": "14189.00",
      "image": "/images/camera1.jpg"
    }
  },
  {
    "model": "base.orderitem",
    "pk": 63,
    "fields": {
      "product": 23,
      "order": 54,
      "name": "AirPods Pro 2",
      "qty": 1,
      "price": "26700.00",
      "image": "/images/airpods-pro-2.png"
    }
  },
  {
    "model": "base.orderitem",
    "pk": 64,
    "fields": {
      "product": 21,
      "order": 55,
      "name": "The Fujifilm Instax Mini 12 Camera - Blossom Pink",
      "qty": 1,
      "price": "14189.00",
      "image": "/images/camera1.jpg"
    }
  },
  {
    "model": "base.orderitem",
    "pk": 65,
    "fields": {
      "product": 27,
      "order": 56,
      "name": "CRKD NEO S Controller with Charging Dock - Frost",
      "qty": 1,
      "price": "6355.00",
      "image": "/images/crkd.jpg"
    }
  },
  {
    "model": "base.orderitem",
    "pk": 66,
    "fields": {
      "product": 24,
      "order": 56,
      "name": "Apple Pencil Pro",
      "qty": 3,
      "price": "13800.00",
      "image": "/images/MK0C2.png"
    }
  },
  {
    "model": "base.orderitem",
    "pk": 67,
    "fields": {
      "product": 23,
      "order": 56,
      "name": "AirPods Pro 2",
      "qty": 1,
      "price": "26700.00",
      "image": "/images/airpods-pro-2.png"
    }
  },
  {
    "model": "base.orderitem",
    "pk": 68,
    "fields": {
      "product": 23,
      "order": 57,
      "name": "AirPods Pro 2",
      "qty": 1,
      "price": "26700.00",
      "image": "/images/airpods-pro-2.png"
    }
  },
  {
    "model": "base.orderitem",
    "pk": 69,
    "fields": {
      "product": 25,
      "order": 57,
      "name": "Sony PlayStation« DualSenseÖ Wireless Controller",
      "qty": 1,
      "price": "7950.00",
      "image": "/images/spgame.jpg"
    }
  },
  {
    "model": "base.orderitem",
    "pk": 70,
    "fields": {
      "product": 24,
      "order": 58,
      "name": "Apple Pencil Pro",
      "qty": 1,
      "price": "13800.00",
      "image": "/images/MK0C2.png"
    }
  },
  {
    "model": "base.orderitem",
    "pk": 71,
    "fields": {
      "product": 21,
      "order": 58,
      "name": "The Fujifilm Instax Mini 12 Camera - Blossom Pink",
      "qty": 1,
      "price": "14189.00",
      "image": "/images/camera1.jpg"
    }
  },
  {
    "model": "base.orderitem",
    "pk": 72,
    "fields": {
      "product": 24,
      "order": 59,
      "name": "Apple Pencil Pro",
      "qty": 1,
      "price": "13800.00",
      "image": "/images/MK0C2.png"
    }
  },
  {
    "model": "base.orderitem",
    "pk": 73,
    "fields": {
      "product": 25,
      "order": 59,
      "name": "Sony PlayStation« DualSenseÖ Wireless Controller",
      "qty": 1,
      "price": "7950.00",
      "image": "/images/spgame.jpg"
    }
  },
  {
    "model": "base.orderitem",
    "pk": 74,
    "fields": {
      "product": 25,
      "order": 60,
      "name": "Sony PlayStation« DualSenseÖ Wireless Controller",
      "qty": 1,
      "price": "7950.00",
      "image": "/images/spgame.jpg"
    }
  },
  {
    "model": "base.orderitem",
    "pk": 75,
    "fields": {
      "product": 24,
      "order": 61,
      "name": "Apple Pencil Pro",
      "qty": 1,
      "price": "13800.00",
      "image": "/images/MK0C2.png"
    }
  },
  {
    "model": "base.orderitem",
    "pk": 76,
    "fields": {
      "product": 25,
      "order": 62,
      "name": "Sony PlayStation« DualSenseÖ Wireless Controller",
      "qty": 1,
      "price": "7950.00",
      "image": "/images/spgame.jpg"
    }
  },
  {
    "model": "base.orderitem",
    "pk": 77,
    "fields": {
      "product": 24,
      "order": 62,
      "name": "Apple Pencil Pro",
      "qty": 1,
      "price": "13800.00",
      "image": "/images/MK0C2.png"
    }
  },
  {
    "model": "base.orderitem",
    "pk": 78,
    "fields": {
      "product": 21,
      "order": 62,
      "name": "The Fujifilm Instax Mini 12 Camera - Blossom Pink",
      "qty": 1,
      "price": "14189.00",
      "image": "/images/camera1.jpg"
    }
  },
  {
    "model": "base.orderitem",
    "pk": 79,
    "fields": {
      "product": 26,
      "order": 63,
      "name": "SteelSeries Nimbus+ Wireless Gaming Controller",
      "qty": 1,
      "price": "7400.00",
      "image": "/images/game2.jpg"
    }
  },
  {
    "model": "base.orderitem",
    "pk": 80,
    "fields": {
      "product": 25,
      "order": 64,
      "name": "Sony PlayStation« DualSenseÖ Wireless Controller",
      "qty": 1,
      "price": "7950.00",
      "image": "/images/spgame.jpg"
    }
  },
  {
    "model": "base.shippingaddress",
    "pk": 1,
    "fields": {
      "order": 1,
      "address": "khulna",
      "city": "khulna",
      "postalCode": "9100",
      "country": "Bangladesh",
      "phone": null,
      "shippingPrice": null
    }
  },
  {
    "model": "base.shippingaddress",
    "pk": 2,
    "fields": {
      "order": 2,
      "address": "khulna",
      "city": "khulna",
      "postalCode": "9100",
      "country": "Bangladesh",
      "phone": null,
      "shippingPrice": null
    }
  },
  {
    "model": "base.shippingaddress",
    "pk": 3,
    "fields": {
      "order": 3,
      "address": "khulna",
      "city": "khulna",
      "postalCode": "9100",
      "country": "Bangladesh",
      "phone": "01609620222",
      "shippingPrice": null
    }
  },
  {
    "model": "base.shippingaddress",
    "pk": 4,
    "fields": {
      "order": 4,
      "address": "khulna",
      "city": "khulna",
      "postalCode": "9100",
      "country": "Bangladesh",
      "phone": "01609620222",
      "shippingPrice": null
    }
  },
  {
    "model": "base.shippingaddress",
    "pk": 5,
    "fields": {
      "order": 5,
      "address": "123 Main St",
      "city": "New York",
      "postalCode": "10001",
      "country": "USA",
      "phone": "1234567890",
      "shippingPrice": null
    }
  },
  {
    "model": "base.shippingaddress",
    "pk": 6,
    "fields": {
      "order": 6,
      "address": "123 Main St",
      "city": "New York",
      "postalCode": "10001",
      "country": "USA",
      "phone": "1234567890",
      "shippingPrice": null
    }
  },
  {
    "model": "base.shippingaddress",
    "pk": 7,
    "fields": {
      "order": 7,
      "address": "123 Main St",
      "city": "New York",
      "postalCode": "10001",
      "country": "USA",
      "phone": "1234567890",
      "shippingPrice": null
    }
  },
  {
    "model": "base.shippingaddress",
    "pk": 8,
    "fields": {
      "order": 8,
      "address": "123 Main St",
      "city": "New York",
      "postalCode": "10001",
      "country": "USA",
      "phone": "1234567890",
      "shippingPrice": null
    }
  },
  {
    "model": "base.shippingaddress",
    "pk": 9,
    "fields": {
      "order": 9,
      "address": "123 Main St",
      "city": "New York",
      "postalCode": "10001",
      "country": "USA",
      "phone": "1234567890",
      "shippingPrice": null
    }
  },
  {
    "model": "base.shippingaddress",
    "pk": 10,
    "fields": {
      "order": 10,
      "address": "123 Main St",
      "city": "New York",
      "postalCode": "10001",
      "country": "USA",
      "phone": "1234567890",
      "shippingPrice": null
    }
  },
  {
    "model": "base.shippingaddress",
    "pk": 11,
    "fields": {
      "order": 11,
      "address": "123 Main St",
      "city": "New York",
      "postalCode": "10001",
      "country": "USA",
      "phone": "1234567890",
      "shippingPrice": null
    }
  },
  {
    "model": "base.shippingaddress",
    "pk": 12,
    "fields": {
      "order": 12,
      "address": "123 Main St",
      "city": "New York",
      "postalCode": "10001",
      "country": "USA",
      "phone": "1234567890",
      "shippingPrice": null
    }
  },
  {
    "model": "base.shippingaddress",
    "pk": 13,
    "fields": {
      "order": 13,
      "address": "khulna",
      "city": "khulna",
      "postalCode": "9100",
      "country": "Bangladesh",
      "phone": null,
      "shippingPrice": null
    }
  },
  {
    "model": "base.shippingaddress",
    "pk": 14,
    "fields": {
      "order": 14,
      "address": "khulna",
      "city": "khulna",
      "postalCode": "9100",
      "country": "Bangladesh",
      "phone": null,
      "shippingPrice": null
    }
  },
  {
    "model": "base.shippingaddress",
    "pk": 15,
    "fields": {
      "order": 15,
      "address": "khulna",
      "city": "khulna",
      "postalCode": "9100",
      "country": "Bangladesh",
      "phone": null,
      "shippingPrice": null
    }
  },
  {
    "model": "base.shippingaddress",
    "pk": 16,
    "fields": {
      "order": 16,
      "address": "khulna",
      "city": "khulna",
      "postalCode": "9100",
      "country": "Bangladesh",
      "phone": null,
      "shippingPrice": null
    }
  },
  {
    "model": "base.shippingaddress",
    "pk": 17,
    "fields": {
      "order": 17,
      "address": "khulna",
      "city": "khulna",
      "postalCode": "9100",
      "country": "Bangladesh",
      "phone": null,
      "shippingPrice": null
    }
  },
  {
    "model": "base.shippingaddress",
    "pk": 18,
    "fields": {
      "order": 18,
      "address": "khulna",
      "city": "khulna",
      "postalCode": "9100",
      "country": "Bangladesh",
      "phone": null,
      "shippingPrice": null
    }
  },
  {
    "model": "base.shippingaddress",
    "pk": 19,
    "fields": {
      "order": 19,
      "address": "khulna",
      "city": "khulna",
      "postalCode": "9100",
      "country": "Bangladesh",
      "phone": null,
      "shippingPrice": null
    }
  },
  {
    "model": "base.shippingaddress",
    "pk": 20,
    "fields": {
      "order": 20,
      "address": "khulna",
      "city": "khulna",
      "postalCode": "9100",
      "country": "Bangladesh",
      "phone": null,
      "shippingPrice": null
    }
  },
  {
    "model": "base.shippingaddress",
    "pk": 21,
    "fields": {
      "order": 21,
      "address": "khulna",
      "city": "khulna",
      "postalCode": "9100",
      "country": "Bangladesh",
      "phone": null,
      "shippingPrice": null
    }
  },
  {
    "model": "base.shippingaddress",
    "pk": 22,
    "fields": {
      "order": 22,
      "address": "khulna",
      "city": "khulna",
      "postalCode": "9100",
      "country": "Bangladesh",
      "phone": "0160962022",
      "shippingPrice": null
    }
  },
  {
    "model": "base.shippingaddress",
    "pk": 23,
    "fields": {
      "order": 23,
      "address": "khulna",
      "city": "khulna",
      "postalCode": "9100",
      "country": "Bangladesh",
      "phone": "01609620222",
      "shippingPrice": null
    }
  },
  {
    "model": "base.shippingaddress",
    "pk": 24,
    "fields": {
      "order": 24,
      "address": "khulna",
      "city": "khulna",
      "postalCode": "9100",
      "country": "Bangladesh",
      "phone": "01609620222",
      "shippingPrice": null
    }
  },
  {
    "model": "base.shippingaddress",
    "pk": 25,
    "fields": {
      "order": 25,
      "address": "khulna",
      "city": "khulna",
      "postalCode": "9100",
      "country": "Bangladesh",
      "phone": "01609620222",
      "shippingPrice": null
    }
  },
  {
    "model": "base.shippingaddress",
    "pk": 26,
    "fields": {
      "order": 26,
      "address": "khulna",
      "city": "khulna",
      "postalCode": "9100",
      "country": "Bangladesh",
      "phone": "01609620222",
      "shippingPrice": null
    }
  },
  {
    "model": "base.shippingaddress",
    "pk": 27,
    "fields": {
      "order": 27,
      "address": "khulna",
      "city": "khulna",
      "postalCode": "9100",
      "country": "Bangladesh",
      "phone": "01609620222",
      "shippingPrice": null
    }
  },
  {
    "model": "base.shippingaddress",
    "pk": 28,
    "fields": {
      "order": 28,
      "address": "khulna",
      "city": "khulna",
      "postalCode": "9100",
      "country": "Bangladesh",
      "phone": "01609620222",
      "shippingPrice": null
    }
  },
  {
    "model": "base.shippingaddress",
    "pk": 29,
    "fields": {
      "order": 29,
      "address": "khulna",
      "city": "khulna",
      "postalCode": "9100",
      "country": "Bangladesh",
      "phone": "01609620222",
      "shippingPrice": null
    }
  },
  {
    "model": "base.shippingaddress",
    "pk": 30,
    "fields": {
      "order": 30,
      "address": "khulna",
      "city": "khulna",
      "postalCode": "9100",
      "country": "Bangladesh",
      "phone": "01609620222",
      "shippingPrice": null
    }
  },
  {
    "model": "base.shippingaddress",
    "pk": 31,
    "fields": {
      "order": 31,
      "address": "khulna",
      "city": "khulna",
      "postalCode": "9100",
      "country": "Bangladesh",
      "phone": "01609620222",
      "shippingPrice": null
    }
  },
  {
    "model": "base.shippingaddress",
    "pk": 32,
    "fields": {
      "order": 32,
      "address": "khulna",
      "city": "khulna",
      "postalCode": "9100",
      "country": "Bangladesh",
      "phone": "01609620222",
      "shippingPrice": null
    }
  },
  {
    "model": "base.shippingaddress",
    "pk": 33,
    "fields": {
      "order": 33,
      "address": "khulna",
      "city": "khulna",
      "postalCode": "9100",
      "country": "Bangladesh",
      "phone": "01609620222",
      "shippingPrice": null
    }
  },
  {
    "model": "base.shippingaddress",
    "pk": 34,
    "fields": {
      "order": 34,
      "address": "khulna",
      "city": "khulna",
      "postalCode": "9100",
      "country": "Bangladesh",
      "phone": "01609620222",
      "shippingPrice": null
    }
  },
  {
    "model": "base.shippingaddress",
    "pk": 35,
    "fields": {
      "order": 35,
      "address": "khulna",
      "city": "khulna",
      "postalCode": "9100",
      "country": "Bangladesh",
      "phone": "01609620222",
      "shippingPrice": null
    }
  },
  {
    "model": "base.shippingaddress",
    "pk": 36,
    "fields": {
      "order": 36,
      "address": "khulna",
      "city": "khulna",
      "postalCode": "9100",
      "country": "Bangladesh",
      "phone": "01609620222",
      "shippingPrice": null
    }
  },
  {
    "model": "base.shippingaddress",
    "pk": 37,
    "fields": {
      "order": 37,
      "address": "khulna",
      "city": "khulna",
      "postalCode": "9100",
      "country": "Bangladesh",
      "phone": "01609620222",
      "shippingPrice": null
    }
  },
  {
    "model": "base.shippingaddress",
    "pk": 38,
    "fields": {
      "order": 38,
      "address": "khulna",
      "city": "khulna",
      "postalCode": "9100",
      "country": "Bangladesh",
      "phone": "01609620222",
      "shippingPrice": null
    }
  },
  {
    "model": "base.shippingaddress",
    "pk": 39,
    "fields": {
      "order": 39,
      "address": "khulna",
      "city": "khulna",
      "postalCode": "9100",
      "country": "Bangladesh",
      "phone": "01609620222",
      "shippingPrice": null
    }
  },
  {
    "model": "base.shippingaddress",
    "pk": 40,
    "fields": {
      "order": 40,
      "address": "khulna",
      "city": "khulna",
      "postalCode": "9100",
      "country": "Bangladesh",
      "phone": "01609620222",
      "shippingPrice": null
    }
  },
  {
    "model": "base.shippingaddress",
    "pk": 41,
    "fields": {
      "order": 41,
      "address": "khulna",
      "city": "khulna",
      "postalCode": "9100",
      "country": "Bangladesh",
      "phone": "01609620222",
      "shippingPrice": null
    }
  },
  {
    "model": "base.shippingaddress",
    "pk": 42,
    "fields": {
      "order": 42,
      "address": "khulna",
      "city": "khulna",
      "postalCode": "9100",
      "country": "Bangladesh",
      "phone": "01609620222",
      "shippingPrice": null
    }
  },
  {
    "model": "base.shippingaddress",
    "pk": 43,
    "fields": {
      "order": 43,
      "address": "khulna",
      "city": "khulna",
      "postalCode": "9100",
      "country": "Bangladesh",
      "phone": "01609620222",
      "shippingPrice": null
    }
  },
  {
    "model": "base.shippingaddress",
    "pk": 44,
    "fields": {
      "order": 44,
      "address": "khulna",
      "city": "khulna",
      "postalCode": "9100",
      "country": "Bangladesh",
      "phone": "01609620222",
      "shippingPrice": null
    }
  },
  {
    "model": "base.shippingaddress",
    "pk": 45,
    "fields": {
      "order": 45,
      "address": "khulna",
      "city": "khulna",
      "postalCode": "9100",
      "country": "Bangladesh",
      "phone": "01609620222",
      "shippingPrice": null
    }
  },
  {
    "model": "base.shippingaddress",
    "pk": 46,
    "fields": {
      "order": 46,
      "address": "khulna",
      "city": "khulna",
      "postalCode": "9100",
      "country": "Bangladesh",
      "phone": "01609620222",
      "shippingPrice": null
    }
  },
  {
    "model": "base.shippingaddress",
    "pk": 47,
    "fields": {
      "order": 47,
      "address": "khulna",
      "city": "khulna",
      "postalCode": "9100",
      "country": "Bangladesh",
      "phone": "01609620222",
      "shippingPrice": null
    }
  },
  {
    "model": "base.shippingaddress",
    "pk": 48,
    "fields": {
      "order": 48,
      "address": "khulna",
      "city": "khulna",
      "postalCode": "9100",
      "country": "Bangladesh",
      "phone": "01609620222",
      "shippingPrice": null
    }
  },
  {
    "model": "base.shippingaddress",
    "pk": 49,
    "fields": {
      "order": 49,
      "address": "khulna",
      "city": "khulna",
      "postalCode": "9100",
      "country": "Bangladesh",
      "phone": "01609620222",
      "shippingPrice": null
    }
  },
  {
    "model": "base.shippingaddress",
    "pk": 50,
    "fields": {
      "order": 50,
      "address": "khulna",
      "city": "khulna",
      "postalCode": "9100",
      "country": "Bangladesh",
      "phone": "01609620222",
      "shippingPrice": null
    }
  },
  {
    "model": "base.shippingaddress",
    "pk": 51,
    "fields": {
      "order": 51,
      "address": "khulna",
      "city": "khulna",
      "postalCode": "9100",
      "country": "Bangladesh",
      "phone": "01609620222",
      "shippingPrice": null
    }
  },
  {
    "model": "base.shippingaddress",
    "pk": 52,
    "fields": {
      "order": 52,
      "address": "khulna",
      "city": "khulna",
      "postalCode": "9100",
      "country": "Bangladesh",
      "phone": "01609620222",
      "shippingPrice": null
    }
  },
  {
    "model": "base.shippingaddress",
    "pk": 53,
    "fields": {
      "order": 53,
      "address": "khulna",
      "city": "khulna",
      "postalCode": "9100",
      "country": "Bangladesh",
      "phone": "01609620222",
      "shippingPrice": null
    }
  },
  {
    "model": "base.shippingaddress",
    "pk": 54,
    "fields": {
      "order": 54,
      "address": "khulna",
      "city": "khulna",
      "postalCode": "9100",
      "country": "Bangladesh",
      "phone": "01609620222",
      "shippingPrice": null
    }
  },
  {
    "model": "base.shippingaddress",
    "pk": 55,
    "fields": {
      "order": 55,
      "address": "Khulna",
      "city": "khulna",
      "postalCode": "1234",
      "country": "Bangladesh",
      "phone": "0168903452",
      "shippingPrice": null
    }
  },
  {
    "model": "base.shippingaddress",
    "pk": 56,
    "fields": {
      "order": 56,
      "address": "khulna",
      "city": "khulna",
      "postalCode": "9100",
      "country": "Bangladesh",
      "phone": "01609620222",
      "shippingPrice": null
    }
  },
  {
    "model": "base.shippingaddress",
    "pk": 57,
    "fields": {
      "order": 57,
      "address": "khulna",
      "city": "khulna",
      "postalCode": "9100",
      "country": "Bangladesh",
      "phone": "01609620222",
      "shippingPrice": null
    }
  },
  {
    "model": "base.shippingaddress",
    "pk": 58,
    "fields": {
      "order": 58,
      "address": "khulna",
      "city": "khulna",
      "postalCode": "9100",
      "country": "Bangladesh",
      "phone": "01609620222",
      "shippingPrice": null
    }
  },
  {
    "model": "base.shippingaddress",
    "pk": 59,
    "fields": {
      "order": 59,
      "address": "Khulna",
      "city": "khulna",
      "postalCode": "1234",
      "country": "Bangladesh",
      "phone": "0168903452",
      "shippingPrice": null
    }
  },
  {
    "model": "base.shippingaddress",
    "pk": 60,
    "fields": {
      "order": 60,
      "address": "Khulna",
      "city": "khulna",
      "postalCode": "1234",
      "country": "Bangladesh",
      "phone": "0168903452",
      "shippingPrice": null
    }
  },
  {
    "model": "base.shippingaddress",
    "pk": 61,
    "fields": {
      "order": 61,
      "address": "Khulna",
      "city": "khulna",
      "postalCode": "1234",
      "country": "Bangladesh",
      "phone": "0168903452",
      "shippingPrice": null
    }
  },
  {
    "model": "base.shippingaddress",
    "pk": 62,
    "fields": {
      "order": 62,
      "address": "Khulna",
      "city": "khulna",
      "postalCode": "1234",
      "country": "Bangladesh",
      "phone": "0168903452",
      "shippingPrice": null
    }
  },
  {
    "model": "base.shippingaddress",
    "pk": 63,
    "fields": {
      "order": 63,
      "address": "Khulna",
      "city": "khulna",
      "postalCode": "1234",
      "country": "Bangladesh",
      "phone": "0168903452",
      "shippingPrice": null
    }
  },
  {
    "model": "base.shippingaddress",
    "pk": 64,
    "fields": {
      "order": 64,
      "address": "khulna",
      "city": "khulna",
      "postalCode": "9100",
      "country": "Bangladesh",
      "phone": "01609620222",
      "shippingPrice": null
    }
  }
]
